theta_deg,period_px,cut,source,s0,s1,s2,s3,s4,s5,s6,s7,s8,s9,s10,s11,s12,s13,s14,s15,s16,s17,s18,s19,s20,s21,s22,s23,s24
0,1.00,row_horizontal,computed,P0,P0,P0,P0,P0,P0,P0,P0,P0,P0,P0,P0,P0,P0,P0,P0,P0,P0,P0,P0,P0,P0,P0,P0,P0
0,1.00,col_vertical,computed,P0,P0,P0,P0,P0,P0,P0,P0,P0,P0,P0,P0,P0,P0,P0,P0,P0,P0,P0,P0,P0,P0,P0,P0,P0
180,1.00,row_horizontal,rot180,P0,P0,P0,P0,P0,P0,P0,P0,P0,P0,P0,P0,P0,P0,P0,P0,P0,P0,P0,P0,P0,P0,P0,P0,P0
180,1.00,col_vertical,rot180,P0,P0,P0,P0,P0,P0,P0,P0,P0,P0,P0,P0,P0,P0,P0,P0,P0,P0,P0,P0,P0,P0,P0,P0,P0
0,1.10,row_horizontal,computed,P0,P15,P15,P15,P14,P13,P12,P11,P8,P7,P6,P15,P15,P15,P15,P14,P13,P12,P11,P8,P7,P6,P15,P15,P15
0,1.10,col_vertical,computed,P15,P15,P15,P15,P15,P15,P15,P15,P15,P15,P15,P15,P15,P15,P15,P15,P15,P15,P15,P15,P15,P15,P15,P15,P15
180,1.10,row_horizontal,rot180,P14,P15,P15,P15,P15,P6,P7,P8,P11,P12,P13,P14,P15,P15,P15,P15,P6,P7,P8,P11,P12,P13,P14,P15,P15
180,1.10,col_vertical,rot180,P15,P15,P15,P15,P15,P15,P15,P15,P15,P15,P15,P15,P15,P15,P15,P15,P15,P15,P15,P15,P15,P15,P15,P15,P15
0,1.20,row_horizontal,computed,P0,P15,P15,P13,P10,P7,P0,P15,P15,P13,P10,P7,P0,P15,P15,P13,P10,P7,P0,P15,P15,P13,P10,P7,P0
0,1.20,col_vertical,computed,P0,P0,P0,P0,P0,P0,P0,P0,P0,P0,P0,P0,P0,P0,P0,P0,P0,P0,P0,P0,P0,P0,P0,P0,P0
180,1.20,row_horizontal,rot180,P15,P0,P7,P10,P13,P15,P15,P0,P7,P10,P13,P15,P15,P0,P7,P10,P13,P15,P15,P0,P7,P10,P13,P15,P15
180,1.20,col_vertical,rot180,P15,P15,P15,P15,P15,P15,P15,P15,P15,P15,P15,P15,P15,P15,P15,P15,P15,P15,P15,P15,P15,P15,P15,P15,P15
0,1.30,row_horizontal,computed,P0,P15,P13,P10,P5,P15,P14,P11,P7,P15,P15,P12,P8,P0,P15,P13,P10,P5,P15,P14,P11,P7,P15,P15,P12
0,1.30,col_vertical,computed,P8,P8,P8,P8,P8,P8,P8,P8,P8,P8,P8,P8,P8,P8,P8,P8,P8,P8,P8,P8,P8,P8,P8,P8,P8
180,1.30,row_horizontal,rot180,P15,P5,P10,P13,P15,P0,P8,P12,P15,P15,P7,P11,P14,P15,P5,P10,P13,P15,P0,P8,P12,P15,P15,P7,P11
180,1.30,col_vertical,rot180,P14,P14,P14,P14,P14,P14,P14,P14,P14,P14,P14,P14,P14,P14,P14,P14,P14,P14,P14,P14,P14,P14,P14,P14,P14
0,1.40,row_horizontal,computed,P0,P15,P12,P7,P15,P14,P9,P0,P15,P12,P7,P15,P14,P9,P0,P15,P12,P7,P15,P14,P9,P0,P15,P12,P7
0,1.40,col_vertical,computed,P14,P14,P14,P14,P14,P14,P14,P14,P14,P14,P14,P14,P14,P14,P14,P14,P14,P14,P14,P14,P14,P14,P14,P14,P14
180,1.40,row_horizontal,rot180,P9,P14,P15,P7,P12,P15,P0,P9,P14,P15,P7,P12,P15,P0,P9,P14,P15,P7,P12,P15,P0,P9,P14,P15,P7
180,1.40,col_vertical,rot180,P15,P15,P15,P15,P15,P15,P15,P15,P15,P15,P15,P15,P15,P15,P15,P15,P15,P15,P15,P15,P15,P15,P15,P15,P15
0,1.50,row_horizontal,computed,P0,P15,P10,P0,P15,P10,P0,P15,P10,P0,P15,P10,P0,P15,P10,P0,P15,P10,P0,P15,P10,P0,P15,P10,P0
0,1.50,col_vertical,computed,P0,P0,P0,P0,P0,P0,P0,P0,P0,P0,P0,P0,P0,P0,P0,P0,P0,P0,P0,P0,P0,P0,P0,P0,P0
180,1.50,row_horizontal,rot180,P15,P0,P10,P15,P0,P10,P15,P0,P10,P15,P0,P10,P15,P0,P10,P15,P0,P10,P15,P0,P10,P15,P0,P10,P15
180,1.50,col_vertical,rot180,P15,P15,P15,P15,P15,P15,P15,P15,P15,P15,P15,P15,P15,P15,P15,P15,P15,P15,P15,P15,P15,P15,P15,P15,P15
0,1.60,row_horizontal,computed,P0,P14,P8,P15,P13,P7,P15,P11,P0,P14,P8,P15,P13,P7,P15,P11,P0,P14,P8,P15,P13,P7,P15,P11,P0
0,1.60,col_vertical,computed,P13,P13,P13,P13,P13,P13,P13,P13,P13,P13,P13,P13,P13,P13,P13,P13,P13,P13,P13,P13,P13,P13,P13,P13,P13
180,1.60,row_horizontal,rot180,P7,P13,P15,P8,P14,P0,P11,P15,P7,P13,P15,P8,P14,P0,P11,P15,P7,P13,P15,P8,P14,P0,P11,P15,P7
180,1.60,col_vertical,rot180,P14,P14,P14,P14,P14,P14,P14,P14,P14,P14,P14,P14,P14,P14,P14,P14,P14,P14,P14,P14,P14,P14,P14,P14,P14
0,1.70,row_horizontal,computed,P0,P14,P7,P15,P11,P15,P13,P7,P15,P9,P15,P12,P5,P14,P8,P15,P11,P0,P14,P7,P15,P11,P15,P13,P7
0,1.70,col_vertical,computed,P5,P5,P5,P5,P5,P5,P5,P5,P5,P5,P5,P5,P5,P5,P5,P5,P5,P5,P5,P5,P5,P5,P5,P5,P5
180,1.70,row_horizontal,rot180,P8,P14,P5,P12,P15,P9,P15,P7,P13,P15,P11,P15,P7,P14,P0,P11,P15,P8,P14,P5,P12,P15,P9,P15,P7
180,1.70,col_vertical,rot180,P7,P7,P7,P7,P7,P7,P7,P7,P7,P7,P7,P7,P7,P7,P7,P7,P7,P7,P7,P7,P7,P7,P7,P7,P7
0,1.80,row_horizontal,computed,P0,P13,P6,P15,P8,P15,P10,P15,P12,P0,P13,P6,P15,P8,P15,P10,P15,P12,P0,P13,P6,P15,P8,P15,P10
0,1.80,col_vertical,computed,P15,P15,P15,P15,P15,P15,P15,P15,P15,P15,P15,P15,P15,P15,P15,P15,P15,P15,P15,P15,P15,P15,P15,P15,P15
180,1.80,row_horizontal,rot180,P15,P10,P15,P8,P15,P6,P13,P0,P12,P15,P10,P15,P8,P15,P6,P13,P0,P12,P15,P10,P15,P8,P15,P6,P13
180,1.80,col_vertical,rot180,P8,P8,P8,P8,P8,P8,P8,P8,P8,P8,P8,P8,P8,P8,P8,P8,P8,P8,P8,P8,P8,P8,P8,P8,P8
0,1.90,row_horizontal,computed,P0,P13,P4,P14,P6,P14,P7,P15,P8,P15,P8,P15,P10,P15,P11,P15,P12,P15,P12,P0,P13,P4,P14,P6,P14
0,1.90,col_vertical,computed,P10,P10,P10,P10,P10,P10,P10,P10,P10,P10,P10,P10,P10,P10,P10,P10,P10,P10,P10,P10,P10,P10,P10,P10,P10
180,1.90,row_horizontal,rot180,P8,P15,P7,P14,P6,P14,P4,P13,P0,P12,P15,P12,P15,P11,P15,P10,P15,P8,P15,P8,P15,P7,P14,P6,P14
180,1.90,col_vertical,rot180,P15,P15,P15,P15,P15,P15,P15,P15,P15,P15,P15,P15,P15,P15,P15,P15,P15,P15,P15,P15,P15,P15,P15,P15,P15
0,2.00,row_horizontal,computed,P0,P13,P0,P13,P0,P13,P0,P13,P0,P13,P0,P13,P0,P13,P0,P13,P0,P13,P0,P13,P0,P13,P0,P13,P0
0,2.00,col_vertical,computed,P0,P0,P0,P0,P0,P0,P0,P0,P0,P0,P0,P0,P0,P0,P0,P0,P0,P0,P0,P0,P0,P0,P0,P0,P0
180,2.00,row_horizontal,rot180,P13,P0,P13,P0,P13,P0,P13,P0,P13,P0,P13,P0,P13,P0,P13,P0,P13,P0,P13,P0,P13,P0,P13,P0,P13
180,2.00,col_vertical,rot180,P13,P13,P13,P13,P13,P13,P13,P13,P13,P13,P13,P13,P13,P13,P13,P13,P13,P13,P13,P13,P13,P13,P13,P13,P13
0,2.10,row_horizontal,computed,P0,P12,P15,P12,P15,P11,P15,P10,P15,P9,P15,P8,P15,P7,P15,P7,P14,P6,P14,P4,P13,P0,P12,P15,P12
0,2.10,col_vertical,computed,P15,P15,P15,P15,P15,P15,P15,P15,P15,P15,P15,P15,P15,P15,P15,P15,P15,P15,P15,P15,P15,P15,P15,P15,P15
180,2.10,row_horizontal,rot180,P7,P15,P8,P15,P9,P15,P10,P15,P11,P15,P12,P15,P12,P0,P13,P4,P14,P6,P14,P7,P15,P7,P15,P8,P15
180,2.10,col_vertical,rot180,P12,P12,P12,P12,P12,P12,P12,P12,P12,P12,P12,P12,P12,P12,P12,P12,P12,P12,P12,P12,P12,P12,P12,P12,P12
0,2.20,row_horizontal,computed,P0,P12,P15,P11,P15,P8,P15,P7,P14,P6,P13,P15,P12,P15,P11,P15,P8,P15,P7,P14,P6,P13,P15,P12,P15
0,2.20,col_vertical,computed,P12,P12,P12,P12,P12,P12,P12,P12,P12,P12,P12,P12,P12,P12,P12,P12,P12,P12,P12,P12,P12,P12,P12,P12,P12
180,2.20,row_horizontal,rot180,P15,P11,P15,P12,P15,P13,P6,P14,P7,P15,P8,P15,P11,P15,P12,P15,P13,P6,P14,P7,P15,P8,P15,P11,P15
180,2.20,col_vertical,rot180,P11,P11,P11,P11,P11,P11,P11,P11,P11,P11,P11,P11,P11,P11,P11,P11,P11,P11,P11,P11,P11,P11,P11,P11,P11
0,2.30,row_horizontal,computed,P0,P12,P15,P9,P15,P7,P14,P3,P12,P15,P10,P15,P8,P14,P6,P13,P15,P11,P15,P8,P15,P7,P14,P0,P12
0,2.30,col_vertical,computed,P8,P8,P8,P8,P8,P8,P8,P8,P8,P8,P8,P8,P8,P8,P8,P8,P8,P8,P8,P8,P8,P8,P8,P8,P8
180,2.30,row_horizontal,rot180,P0,P14,P7,P15,P8,P15,P11,P15,P13,P6,P14,P8,P15,P10,P15,P12,P3,P14,P7,P15,P9,P15,P12,P0,P14
180,2.30,col_vertical,rot180,P15,P15,P15,P15,P15,P15,P15,P15,P15,P15,P15,P15,P15,P15,P15,P15,P15,P15,P15,P15,P15,P15,P15,P15,P15
0,2.40,row_horizontal,computed,P0,P11,P15,P8,P15,P6,P13,P15,P10,P15,P7,P14,P0,P11,P15,P8,P15,P6,P13,P15,P10,P15,P7,P14,P0
0,2.40,col_vertical,computed,P0,P0,P0,P0,P0,P0,P0,P0,P0,P0,P0,P0,P0,P0,P0,P0,P0,P0,P0,P0,P0,P0,P0,P0,P0
180,2.40,row_horizontal,rot180,P11,P0,P14,P7,P15,P10,P15,P13,P6,P15,P8,P15,P11,P0,P14,P7,P15,P10,P15,P13,P6,P15,P8,P15,P11
180,2.40,col_vertical,rot180,P11,P11,P11,P11,P11,P11,P11,P11,P11,P11,P11,P11,P11,P11,P11,P11,P11,P11,P11,P11,P11,P11,P11,P11,P11
0,2.50,row_horizontal,computed,P0,P11,P15,P7,P14,P0,P11,P15,P7,P14,P0,P11,P15,P7,P14,P0,P11,P15,P7,P14,P0,P11,P15,P7,P14
0,2.50,col_vertical,computed,P15,P15,P15,P15,P15,P15,P15,P15,P15,P15,P15,P15,P15,P15,P15,P15,P15,P15,P15,P15,P15,P15,P15,P15,P15
180,2.50,row_horizontal,rot180,P15,P11,P0,P14,P7,P15,P11,P0,P14,P7,P15,P11,P0,P14,P7,P15,P11,P0,P14,P7,P15,P11,P0,P14,P7
180,2.50,col_vertical,rot180,P0,P0,P0,P0,P0,P0,P0,P0,P0,P0,P0,P0,P0,P0,P0,P0,P0,P0,P0,P0,P0,P0,P0,P0,P0
0,2.60,row_horizontal,computed,P0,P11,P15,P7,P13,P15,P10,P15,P5,P12,P15,P8,P14,P0,P11,P15,P7,P13,P15,P10,P15,P5,P12,P15,P8
0,2.60,col_vertical,computed,P14,P14,P14,P14,P14,P14,P14,P14,P14,P14,P14,P14,P14,P14,P14,P14,P14,P14,P14,P14,P14,P14,P14,P14,P14
180,2.60,row_horizontal,rot180,P15,P13,P7,P15,P11,P0,P14,P8,P15,P12,P5,P15,P10,P15,P13,P7,P15,P11,P0,P14,P8,P15,P12,P5,P15
180,2.60,col_vertical,rot180,P10,P10,P10,P10,P10,P10,P10,P10,P10,P10,P10,P10,P10,P10,P10,P10,P10,P10,P10,P10,P10,P10,P10,P10,P10
0,2.70,row_horizontal,computed,P0,P11,P15,P6,P12,P15,P8,P14,P15,P10,P15,P5,P12,P15,P7,P13,P15,P9,P15,P3,P11,P15,P7,P13,P15
0,2.70,col_vertical,computed,P12,P12,P12,P12,P12,P12,P12,P12,P12,P12,P12,P12,P12,P12,P12,P12,P12,P12,P12,P12,P12,P12,P12,P12,P12
180,2.70,row_horizontal,rot180,P14,P8,P15,P12,P6,P15,P11,P0,P14,P8,P15,P13,P7,P15,P11,P3,P15,P9,P15,P13,P7,P15,P12,P5,P15
180,2.70,col_vertical,rot180,P7,P7,P7,P7,P7,P7,P7,P7,P7,P7,P7,P7,P7,P7,P7,P7,P7,P7,P7,P7,P7,P7,P7,P7,P7
0,2.80,row_horizontal,computed,P0,P11,P15,P5,P12,P15,P7,P13,P15,P8,P14,P15,P9,P14,P0,P11,P15,P5,P12,P15,P7,P13,P15,P8,P14
0,2.80,col_vertical,computed,P9,P9,P9,P9,P9,P9,P9,P9,P9,P9,P9,P9,P9,P9,P9,P9,P9,P9,P9,P9,P9,P9,P9,P9,P9
180,2.80,row_horizontal,rot180,P14,P9,P15,P14,P8,P15,P13,P7,P15,P12,P5,P15,P11,P0,P14,P9,P15,P14,P8,P15,P13,P7,P15,P12,P5
180,2.80,col_vertical,rot180,P11,P11,P11,P11,P11,P11,P11,P11,P11,P11,P11,P11,P11,P11,P11,P11,P11,P11,P11,P11,P11,P11,P11,P11,P11
0,2.90,row_horizontal,computed,P0,P10,P15,P3,P11,P15,P5,P11,P15,P6,P12,P15,P7,P13,P15,P7,P13,P15,P8,P13,P15,P8,P14,P15,P8
0,2.90,col_vertical,computed,P7,P7,P7,P7,P7,P7,P7,P7,P7,P7,P7,P7,P7,P7,P7,P7,P7,P7,P7,P7,P7,P7,P7,P7,P7
180,2.90,row_horizontal,rot180,P15,P14,P8,P15,P13,P8,P15,P13,P7,P15,P13,P7,P15,P12,P6,P15,P11,P5,P15,P11,P3,P15,P10,P0,P14
180,2.90,col_vertical,rot180,P15,P15,P15,P15,P15,P15,P15,P15,P15,P15,P15,P15,P15,P15,P15,P15,P15,P15,P15,P15,P15,P15,P15,P15,P15
0,3.00,row_horizontal,computed,P0,P10,P15,P0,P10,P15,P0,P10,P15,P0,P10,P15,P0,P10,P15,P0,P10,P15,P0,P10,P15,P0,P10,P15,P0
0,3.00,col_vertical,computed,P0,P0,P0,P0,P0,P0,P0,P0,P0,P0,P0,P0,P0,P0,P0,P0,P0,P0,P0,P0,P0,P0,P0,P0,P0
180,3.00,row_horizontal,rot180,P10,P0,P15,P10,P0,P15,P10,P0,P15,P10,P0,P15,P10,P0,P15,P10,P0,P15,P10,P0,P15,P10,P0,P15,P10
180,3.00,col_vertical,rot180,P10,P10,P10,P10,P10,P10,P10,P10,P10,P10,P10,P10,P10,P10,P10,P10,P10,P10,P10,P10,P10,P10,P10,P10,P10
45,1.00,row_horizontal,computed,P13,P8,P15,P14,P10,P4,P15,P12,P7,P15,P14,P9,P0,P15,P11,P7,P15,P13,P8,P15,P14,P11,P5,P15,P13
45,1.00,col_vertical,computed,P13,P15,P5,P11,P14,P15,P8,P13,P15,P7,P11,P15,P0,P9,P14,P15,P7,P12,P15,P4,P10,P14,P15,P8,P13
225,1.00,row_horizontal,rot180,P4,P10,P14,P15,P8,P13,P15,P6,P11,P15,P15,P8,P14,P15,P7,P12,P15,P2,P10,P14,P15,P7,P13,P15,P6
225,1.00,col_vertical,rot180,P6,P15,P13,P7,P15,P14,P10,P2,P15,P12,P7,P15,P14,P8,P15,P15,P11,P6,P15,P13,P8,P15,P14,P10,P4
45,1.10,row_horizontal,computed,P9,P15,P14,P8,P15,P13,P7,P15,P12,P5,P15,P11,P0,P14,P9,P15,P14,P8,P15,P13,P7,P15,P12,P5,P15
45,1.10,col_vertical,computed,P15,P5,P12,P15,P7,P13,P15,P8,P14,P15,P9,P14,P0,P11,P15,P5,P12,P15,P7,P13,P15,P8,P14,P15,P9
225,1.10,row_horizontal,rot180,P11,P15,P7,P12,P15,P7,P13,P15,P8,P14,P15,P10,P15,P4,P11,P15,P7,P12,P15,P7,P13,P15,P8,P14,P15
225,1.10,col_vertical,rot180,P15,P14,P8,P15,P13,P7,P15,P12,P7,P15,P11,P4,P15,P10,P15,P14,P8,P15,P13,P7,P15,P12,P7,P15,P11
45,1.20,row_horizontal,computed,P15,P13,P6,P15,P9,P15,P12,P4,P14,P8,P15,P11,P0,P14,P7,P15,P11,P15,P13,P7,P15,P9,P15,P12,P5
45,1.20,col_vertical,computed,P5,P12,P15,P9,P15,P7,P13,P15,P11,P15,P7,P14,P0,P11,P15,P8,P14,P4,P12,P15,P9,P15,P6,P13,P15
225,1.20,row_horizontal,rot180,P15,P9,P15,P6,P13,P15,P10,P15,P7,P14,P15,P11,P15,P8,P14,P3,P12,P15,P8,P15,P6,P13,P15,P10,P15
225,1.20,col_vertical,rot180,P15,P10,P15,P13,P6,P15,P8,P15,P12,P3,P14,P8,P15,P11,P15,P14,P7,P15,P10,P15,P13,P6,P15,P9,P15
45,1.30,row_horizontal,computed,P12,P1,P14,P6,P14,P7,P15,P9,P15,P11,P15,P12,P0,P13,P6,P14,P7,P15,P8,P15,P11,P15,P12,P15,P13
45,1.30,col_vertical,computed,P13,P15,P12,P15,P11,P15,P8,P15,P7,P14,P6,P13,P0,P12,P15,P11,P15,P9,P15,P7,P14,P6,P14,P1,P12
225,1.30,row_horizontal,rot180,P3,P13,P15,P11,P15,P10,P15,P8,P15,P7,P14,P4,P13,P15,P12,P15,P10,P15,P8,P15,P7,P14,P5,P13,P15
225,1.30,col_vertical,rot180,P15,P13,P5,P14,P7,P15,P8,P15,P10,P15,P12,P15,P13,P4,P14,P7,P15,P8,P15,P10,P15,P11,P15,P13,P3
45,1.40,row_horizontal,computed,P15,P12,P15,P12,P15,P12,P15,P12,P15,P13,P15,P13,P0,P13,P0,P13,P1,P13,P2,P13,P3,P13,P4,P13,P5
45,1.40,col_vertical,computed,P5,P13,P4,P13,P3,P13,P2,P13,P1,P13,P0,P13,P0,P13,P15,P13,P15,P12,P15,P12,P15,P12,P15,P12,P15
225,1.40,row_horizontal,rot180,P15,P11,P15,P11,P15,P11,P15,P11,P15,P10,P15,P10,P15,P10,P15,P10,P15,P10,P15,P9,P15,P9,P15,P9,P15
225,1.40,col_vertical,rot180,P15,P9,P15,P9,P15,P9,P15,P10,P15,P10,P15,P10,P15,P10,P15,P10,P15,P11,P15,P11,P15,P11,P15,P11,P15
45,1.50,row_horizontal,computed,P10,P15,P9,P15,P8,P15,P7,P14,P6,P14,P4,P13,P0,P12,P15,P11,P15,P11,P15,P9,P15,P8,P15,P7,P14
45,1.50,col_vertical,computed,P14,P7,P15,P8,P15,P9,P15,P11,P15,P11,P15,P12,P0,P13,P4,P14,P6,P14,P7,P15,P8,P15,P9,P15,P10
225,1.50,row_horizontal,rot180,P15,P8,P15,P9,P15,P10,P15,P11,P15,P12,P15,P13,P3,P14,P6,P14,P7,P15,P8,P15,P8,P15,P10,P15,P11
225,1.50,col_vertical,rot180,P11,P15,P10,P15,P8,P15,P8,P15,P7,P14,P6,P14,P3,P13,P15,P12,P15,P11,P15,P10,P15,P9,P15,P8,P15
45,1.60,row_horizontal,computed,P15,P7,P14,P2,P12,P15,P10,P15,P8,P15,P6,P14,P0,P12,P15,P10,P15,P8,P14,P6,P13,P15,P12,P15,P9
45,1.60,col_vertical,computed,P9,P15,P12,P15,P13,P6,P14,P8,P15,P10,P15,P12,P0,P14,P6,P15,P8,P15,P10,P15,P12,P2,P14,P7,P15
225,1.60,row_horizontal,rot180,P15,P12,P2,P14,P7,P15,P8,P15,P11,P15,P13,P3,P14,P7,P15,P9,P15,P11,P15,P13,P5,P14,P7,P15,P9
225,1.60,col_vertical,rot180,P9,P15,P7,P14,P5,P13,P15,P11,P15,P9,P15,P7,P14,P3,P13,P15,P11,P15,P8,P15,P7,P14,P2,P12,P15
45,1.70,row_horizontal,computed,P0,P12,P15,P8,P15,P6,P13,P15,P10,P15,P7,P14,P0,P11,P15,P8,P15,P6,P13,P15,P10,P15,P7,P14,P15
45,1.70,col_vertical,computed,P15,P14,P7,P15,P10,P15,P13,P6,P15,P8,P15,P11,P0,P14,P7,P15,P10,P15,P13,P6,P15,P8,P15,P12,P0
225,1.70,row_horizontal,rot180,P6,P15,P8,P15,P12,P0,P14,P7,P15,P10,P15,P13,P6,P15,P8,P15,P12,P1,P14,P7,P15,P11,P15,P13,P6
225,1.70,col_vertical,rot180,P6,P13,P15,P11,P15,P7,P14,P1,P12,P15,P8,P15,P6,P13,P15,P10,P15,P7,P14,P0,P12,P15,P8,P15,P6
45,1.80,row_horizontal,computed,P9,P15,P5,P12,P15,P8,P14,P3,P12,P15,P8,P14,P0,P11,P15,P7,P14,P15,P11,P15,P7,P13,P15,P10,P15
45,1.80,col_vertical,computed,P15,P10,P15,P13,P7,P15,P11,P15,P14,P7,P15,P11,P0,P14,P8,P15,P12,P3,P14,P8,P15,P12,P5,P15,P9
225,1.80,row_horizontal,rot180,P15,P13,P7,P15,P10,P15,P14,P7,P15,P11,P15,P14,P8,P15,P12,P2,P14,P8,P15,P12,P5,P15,P8,P15,P13
225,1.80,col_vertical,rot180,P13,P15,P8,P15,P5,P12,P15,P8,P14,P2,P12,P15,P8,P14,P15,P11,P15,P7,P14,P15,P10,P15,P7,P13,P15
45,1.90,row_horizontal,computed,P13,P15,P9,P14,P2,P11,P15,P7,P13,P15,P8,P14,P0,P11,P15,P6,P13,P15,P8,P14,P15,P10,P15,P6,P12
45,1.90,col_vertical,computed,P12,P6,P15,P10,P15,P14,P8,P15,P13,P6,P15,P11,P0,P14,P8,P15,P13,P7,P15,P11,P2,P14,P9,P15,P13
225,1.90,row_horizontal,rot180,P7,P15,P11,P1,P14,P8,P15,P13,P7,P15,P11,P3,P15,P9,P15,P13,P7,P15,P12,P5,P15,P10,P15,P14,P7
225,1.90,col_vertical,rot180,P7,P14,P15,P10,P15,P5,P12,P15,P7,P13,P15,P9,P15,P3,P11,P15,P7,P13,P15,P8,P14,P1,P11,P15,P7
45,2.00,row_horizontal,computed,P15,P6,P12,P15,P7,P13,P15,P8,P14,P15,P9,P14,P0,P11,P15,P5,P11,P15,P7,P12,P15,P7,P13,P15,P8
45,2.00,col_vertical,computed,P8,P15,P13,P7,P15,P12,P7,P15,P11,P5,P15,P11,P0,P14,P9,P15,P14,P8,P15,P13,P7,P15,P12,P6,P15
225,2.00,row_horizontal,rot180,P13,P7,P15,P12,P6,P15,P11,P4,P15,P10,P15,P14,P9,P15,P14,P8,P15,P13,P7,P15,P12,P6,P15,P11,P3
225,2.00,col_vertical,rot180,P3,P11,P15,P6,P12,P15,P7,P13,P15,P8,P14,P15,P9,P14,P15,P10,P15,P4,P11,P15,P6,P12,P15,P7,P13
45,2.10,row_horizontal,computed,P15,P9,P14,P15,P10,P14,P15,P10,P14,P15,P10,P15,P0,P10,P15,P0,P10,P15,P1,P11,P15,P2,P11,P15,P3
45,2.10,col_vertical,computed,P3,P15,P11,P2,P15,P11,P1,P15,P10,P0,P15,P10,P0,P15,P10,P15,P14,P10,P15,P14,P10,P15,P14,P9,P15
225,2.10,row_horizontal,rot180,P15,P14,P8,P15,P14,P8,P15,P14,P8,P15,P14,P8,P15,P13,P8,P15,P13,P8,P15,P13,P7,P15,P13,P7,P15
225,2.10,col_vertical,rot180,P15,P7,P13,P15,P7,P13,P15,P8,P13,P15,P8,P13,P15,P8,P14,P15,P8,P14,P15,P8,P14,P15,P8,P14,P15
45,2.20,row_horizontal,computed,P7,P12,P15,P6,P12,P15,P5,P11,P15,P3,P11,P15,P0,P10,P14,P15,P9,P14,P15,P8,P14,P15,P8,P13,P15
45,2.20,col_vertical,computed,P15,P13,P8,P15,P14,P8,P15,P14,P9,P15,P14,P10,P0,P15,P11,P3,P15,P11,P5,P15,P12,P6,P15,P12,P7
225,2.20,row_horizontal,rot180,P8,P15,P14,P8,P15,P14,P9,P15,P14,P10,P15,P15,P10,P2,P15,P11,P5,P15,P12,P6,P15,P12,P7,P15,P13
225,2.20,col_vertical,rot180,P13,P15,P7,P12,P15,P6,P12,P15,P5,P11,P15,P2,P10,P15,P15,P10,P14,P15,P9,P14,P15,P8,P14,P15,P8
45,2.30,row_horizontal,computed,P10,P14,P15,P8,P13,P15,P7,P12,P15,P5,P11,P15,P0,P10,P14,P15,P8,P13,P15,P7,P12,P15,P5,P11,P15
45,2.30,col_vertical,computed,P15,P11,P5,P15,P12,P7,P15,P13,P8,P15,P14,P10,P0,P15,P11,P5,P15,P12,P7,P15,P13,P8,P15,P14,P10
225,2.30,row_horizontal,rot180,P8,P15,P14,P10,P0,P15,P11,P6,P15,P12,P7,P15,P13,P8,P15,P14,P10,P0,P15,P11,P6,P15,P12,P7,P15
225,2.30,col_vertical,rot180,P15,P7,P12,P15,P6,P11,P15,P0,P10,P14,P15,P8,P13,P15,P7,P12,P15,P6,P11,P15,P0,P10,P14,P15,P8
45,2.40,row_horizontal,computed,P12,P15,P4,P10,P14,P15,P8,P13,P15,P6,P11,P15,P0,P9,P14,P15,P7,P12,P15,P5,P11,P14,P15,P8,P13
45,2.40,col_vertical,computed,P13,P8,P15,P14,P11,P5,P15,P12,P7,P15,P14,P9,P0,P15,P11,P6,P15,P13,P8,P15,P14,P10,P4,P15,P12
225,2.40,row_horizontal,rot180,P15,P14,P10,P4,P15,P12,P7,P15,P14,P9,P15,P15,P11,P6,P15,P13,P8,P15,P14,P10,P3,P15,P12,P7,P15
225,2.40,col_vertical,rot180,P15,P7,P12,P15,P3,P10,P14,P15,P8,P13,P15,P6,P11,P15,P15,P9,P14,P15,P7,P12,P15,P4,P10,P14,P15
45,2.50,row_horizontal,computed,P14,P15,P7,P12,P15,P1,P9,P14,P15,P7,P12,P15,P0,P9,P14,P15,P7,P11,P15,P15,P8,P13,P15,P6,P11
45,2.50,col_vertical,computed,P11,P6,P15,P13,P8,P15,P15,P11,P7,P15,P14,P9,P0,P15,P12,P7,P15,P14,P9,P1,P15,P12,P7,P15,P14
225,2.50,row_horizontal,rot180,P8,P15,P14,P11,P6,P15,P13,P8,P15,P15,P11,P6,P15,P13,P8,P15,P15,P11,P7,P15,P14,P9,P15,P15,P12
225,2.50,col_vertical,rot180,P12,P15,P15,P9,P14,P15,P7,P11,P15,P15,P8,P13,P15,P6,P11,P15,P15,P8,P13,P15,P6,P11,P14,P15,P8
45,2.60,row_horizontal,computed,P15,P0,P9,P13,P15,P6,P11,P14,P15,P7,P12,P15,P0,P8,P13,P15,P6,P11,P14,P15,P7,P12,P15,P15,P8
45,2.60,col_vertical,computed,P8,P15,P15,P12,P7,P15,P14,P11,P6,P15,P13,P8,P0,P15,P12,P7,P15,P14,P11,P6,P15,P13,P9,P0,P15
225,2.60,row_horizontal,rot180,P1,P15,P12,P8,P15,P15,P11,P6,P15,P14,P9,P2,P15,P13,P8,P15,P15,P11,P7,P15,P14,P10,P3,P15,P13
225,2.60,col_vertical,rot180,P13,P15,P3,P10,P14,P15,P7,P11,P15,P15,P8,P13,P15,P2,P9,P14,P15,P6,P11,P15,P15,P8,P12,P15,P1
45,2.70,row_horizontal,computed,P15,P7,P11,P14,P15,P7,P12,P15,P15,P8,P12,P15,P0,P8,P13,P15,P4,P10,P14,P15,P6,P11,P14,P15,P7
45,2.70,col_vertical,computed,P7,P15,P14,P11,P6,P15,P14,P10,P4,P15,P13,P8,P0,P15,P12,P8,P15,P15,P12,P7,P15,P14,P11,P7,P15
225,2.70,row_horizontal,rot180,P9,P1,P15,P13,P8,P15,P15,P12,P7,P15,P15,P11,P7,P15,P14,P10,P6,P15,P14,P9,P3,P15,P13,P8,P15
225,2.70,col_vertical,rot180,P15,P8,P13,P15,P3,P9,P14,P15,P6,P10,P14,P15,P7,P11,P15,P15,P7,P12,P15,P15,P8,P13,P15,P1,P9
45,2.80,row_horizontal,computed,P15,P8,P12,P15,P15,P8,P13,P15,P15,P8,P13,P15,P0,P8,P13,P15,P0,P8,P13,P15,P1,P8,P13,P15,P2
45,2.80,col_vertical,computed,P2,P15,P13,P8,P1,P15,P13,P8,P0,P15,P13,P8,P0,P15,P13,P8,P15,P15,P13,P8,P15,P15,P12,P8,P15
225,2.80,row_horizontal,rot180,P15,P15,P12,P7,P15,P15,P12,P7,P15,P15,P12,P7,P15,P15,P11,P7,P15,P14,P11,P7,P15,P14,P11,P7,P15
225,2.80,col_vertical,rot180,P15,P7,P11,P14,P15,P7,P11,P14,P15,P7,P11,P15,P15,P7,P12,P15,P15,P7,P12,P15,P15,P7,P12,P15,P15
45,2.90,row_horizontal,computed,P5,P10,P14,P15,P4,P9,P13,P15,P2,P8,P13,P15,P0,P8,P13,P15,P15,P8,P12,P15,P15,P7,P12,P15,P15
45,2.90,col_vertical,computed,P15,P15,P12,P7,P15,P15,P12,P8,P15,P15,P13,P8,P0,P15,P13,P8,P2,P15,P13,P9,P4,P15,P14,P10,P5
225,2.90,row_horizontal,rot180,P15,P15,P13,P8,P0,P15,P13,P9,P2,P15,P13,P9,P4,P15,P14,P10,P6,P15,P14,P10,P6,P15,P14,P11,P7
225,2.90,col_vertical,rot180,P7,P11,P14,P15,P6,P10,P14,P15,P6,P10,P14,P15,P4,P9,P13,P15,P2,P9,P13,P15,P0,P8,P13,P15,P15
45,3.00,row_horizontal,computed,P7,P11,P14,P15,P6,P10,P14,P15,P4,P9,P13,P15,P0,P8,P12,P15,P15,P7,P11,P14,P15,P7,P11,P14,P15
45,3.00,col_vertical,computed,P15,P14,P11,P7,P15,P14,P11,P7,P15,P15,P12,P8,P0,P15,P13,P9,P4,P15,P14,P10,P6,P15,P14,P11,P7
225,3.00,row_horizontal,rot180,P10,P6,P15,P14,P11,P7,P15,P15,P12,P8,P15,P15,P13,P9,P4,P15,P14,P10,P6,P15,P14,P11,P7,P15,P15
225,3.00,col_vertical,rot180,P15,P15,P7,P11,P14,P15,P6,P10,P14,P15,P4,P9,P13,P15,P15,P8,P12,P15,P15,P7,P11,P14,P15,P6,P10
90,1.00,row_horizontal,computed,P0,P0,P0,P0,P0,P0,P0,P0,P0,P0,P0,P0,P0,P0,P0,P0,P0,P0,P0,P0,P0,P0,P0,P0,P0
90,1.00,col_vertical,computed,P0,P0,P0,P0,P0,P0,P0,P0,P0,P0,P0,P0,P0,P0,P0,P0,P0,P0,P0,P0,P0,P0,P0,P0,P0
270,1.00,row_horizontal,rot180,P0,P0,P0,P0,P0,P0,P0,P0,P0,P0,P0,P0,P0,P0,P0,P0,P0,P0,P0,P0,P0,P0,P0,P0,P0
270,1.00,col_vertical,rot180,P0,P0,P0,P0,P0,P0,P0,P0,P0,P0,P0,P0,P0,P0,P0,P0,P0,P0,P0,P0,P0,P0,P0,P0,P0
90,1.10,row_horizontal,computed,P6,P6,P6,P6,P6,P6,P6,P6,P6,P6,P6,P6,P6,P6,P6,P6,P6,P6,P6,P6,P6,P6,P6,P6,P6
90,1.10,col_vertical,computed,P0,P6,P7,P8,P11,P12,P13,P14,P15,P15,P15,P0,P6,P7,P8,P11,P12,P13,P14,P15,P15,P15,P0,P6,P7
270,1.10,row_horizontal,rot180,P13,P13,P13,P13,P13,P13,P13,P13,P13,P13,P13,P13,P13,P13,P13,P13,P13,P13,P13,P13,P13,P13,P13,P13,P13
270,1.10,col_vertical,rot180,P14,P13,P12,P11,P8,P7,P6,P0,P15,P15,P15,P14,P13,P12,P11,P8,P7,P6,P0,P15,P15,P15,P14,P13,P12
90,1.20,row_horizontal,computed,P0,P0,P0,P0,P0,P0,P0,P0,P0,P0,P0,P0,P0,P0,P0,P0,P0,P0,P0,P0,P0,P0,P0,P0,P0
90,1.20,col_vertical,computed,P0,P7,P10,P13,P15,P15,P0,P7,P10,P13,P15,P15,P0,P7,P10,P13,P15,P15,P0,P7,P10,P13,P15,P15,P0
270,1.20,row_horizontal,rot180,P7,P7,P7,P7,P7,P7,P7,P7,P7,P7,P7,P7,P7,P7,P7,P7,P7,P7,P7,P7,P7,P7,P7,P7,P7
270,1.20,col_vertical,rot180,P7,P0,P15,P15,P13,P10,P7,P0,P15,P15,P13,P10,P7,P0,P15,P15,P13,P10,P7,P0,P15,P15,P13,P10,P7
90,1.30,row_horizontal,computed,P15,P15,P15,P15,P15,P15,P15,P15,P15,P15,P15,P15,P15,P15,P15,P15,P15,P15,P15,P15,P15,P15,P15,P15,P15
90,1.30,col_vertical,computed,P0,P8,P12,P15,P15,P7,P11,P14,P15,P5,P10,P13,P15,P0,P8,P12,P15,P15,P7,P11,P14,P15,P5,P10,P13
270,1.30,row_horizontal,rot180,P14,P14,P14,P14,P14,P14,P14,P14,P14,P14,P14,P14,P14,P14,P14,P14,P14,P14,P14,P14,P14,P14,P14,P14,P14
270,1.30,col_vertical,rot180,P11,P7,P15,P15,P12,P8,P0,P15,P13,P10,P5,P15,P14,P11,P7,P15,P15,P12,P8,P0,P15,P13,P10,P5,P15
90,1.40,row_horizontal,computed,P12,P12,P12,P12,P12,P12,P12,P12,P12,P12,P12,P12,P12,P12,P12,P12,P12,P12,P12,P12,P12,P12,P12,P12,P12
90,1.40,col_vertical,computed,P0,P9,P14,P15,P7,P12,P15,P15,P9,P14,P15,P7,P12,P15,P15,P9,P14,P15,P7,P12,P15,P0,P9,P14,P15
270,1.40,row_horizontal,rot180,P15,P15,P15,P15,P15,P15,P15,P15,P15,P15,P15,P15,P15,P15,P15,P15,P15,P15,P15,P15,P15,P15,P15,P15,P15
270,1.40,col_vertical,rot180,P9,P0,P15,P12,P7,P15,P14,P9,P0,P15,P12,P7,P15,P14,P9,P0,P15,P12,P7,P15,P14,P9,P0,P15,P12
90,1.50,row_horizontal,computed,P0,P0,P0,P0,P0,P0,P0,P0,P0,P0,P0,P0,P0,P0,P0,P0,P0,P0,P0,P0,P0,P0,P0,P0,P0
90,1.50,col_vertical,computed,P0,P10,P15,P0,P10,P15,P0,P10,P15,P0,P10,P15,P0,P10,P15,P0,P10,P15,P0,P10,P15,P0,P10,P15,P0
270,1.50,row_horizontal,rot180,P10,P10,P10,P10,P10,P10,P10,P10,P10,P10,P10,P10,P10,P10,P10,P10,P10,P10,P10,P10,P10,P10,P10,P10,P10
270,1.50,col_vertical,rot180,P10,P0,P15,P10,P0,P15,P10,P0,P15,P10,P0,P15,P10,P0,P15,P10,P0,P15,P10,P0,P15,P10,P0,P15,P10
90,1.60,row_horizontal,computed,P13,P13,P13,P13,P13,P13,P13,P13,P13,P13,P13,P13,P13,P13,P13,P13,P13,P13,P13,P13,P13,P13,P13,P13,P13
90,1.60,col_vertical,computed,P0,P11,P15,P7,P13,P15,P8,P14,P0,P11,P15,P7,P13,P15,P8,P14,P0,P11,P15,P7,P13,P15,P8,P14,P0
270,1.60,row_horizontal,rot180,P7,P7,P7,P7,P7,P7,P7,P7,P7,P7,P7,P7,P7,P7,P7,P7,P7,P7,P7,P7,P7,P7,P7,P7,P7
270,1.60,col_vertical,rot180,P14,P8,P15,P13,P7,P15,P11,P0,P14,P8,P15,P13,P7,P15,P11,P0,P14,P8,P15,P13,P7,P15,P11,P0,P14
90,1.70,row_horizontal,computed,P15,P15,P15,P15,P15,P15,P15,P15,P15,P15,P15,P15,P15,P15,P15,P15,P15,P15,P15,P15,P15,P15,P15,P15,P15
90,1.70,col_vertical,computed,P0,P11,P15,P8,P14,P5,P12,P15,P9,P15,P7,P13,P15,P11,P15,P7,P14,P0,P11,P15,P8,P14,P5,P12,P15
270,1.70,row_horizontal,rot180,P5,P5,P5,P5,P5,P5,P5,P5,P5,P5,P5,P5,P5,P5,P5,P5,P5,P5,P5,P5,P5,P5,P5,P5,P5
270,1.70,col_vertical,rot180,P0,P14,P7,P15,P11,P15,P13,P7,P15,P9,P15,P12,P5,P14,P8,P15,P11,P0,P14,P7,P15,P11,P15,P13,P7
90,1.80,row_horizontal,computed,P10,P10,P10,P10,P10,P10,P10,P10,P10,P10,P10,P10,P10,P10,P10,P10,P10,P10,P10,P10,P10,P10,P10,P10,P10
90,1.80,col_vertical,computed,P0,P12,P15,P10,P15,P8,P15,P6,P13,P0,P12,P15,P10,P15,P8,P15,P6,P13,P0,P12,P15,P10,P15,P8,P15
270,1.80,row_horizontal,rot180,P15,P15,P15,P15,P15,P15,P15,P15,P15,P15,P15,P15,P15,P15,P15,P15,P15,P15,P15,P15,P15,P15,P15,P15,P15
270,1.80,col_vertical,rot180,P6,P15,P8,P15,P10,P15,P12,P0,P13,P6,P15,P8,P15,P10,P15,P12,P0,P13,P6,P15,P8,P15,P10,P15,P12
90,1.90,row_horizontal,computed,P15,P15,P15,P15,P15,P15,P15,P15,P15,P15,P15,P15,P15,P15,P15,P15,P15,P15,P15,P15,P15,P15,P15,P15,P15
90,1.90,col_vertical,computed,P0,P12,P15,P12,P15,P11,P15,P10,P15,P8,P15,P8,P15,P7,P14,P6,P14,P4,P13,P0,P12,P15,P12,P15,P11
270,1.90,row_horizontal,rot180,P15,P15,P15,P15,P15,P15,P15,P15,P15,P15,P15,P15,P15,P15,P15,P15,P15,P15,P15,P15,P15,P15,P15,P15,P15
270,1.90,col_vertical,rot180,P12,P0,P13,P4,P14,P6,P14,P7,P15,P8,P15,P8,P15,P10,P15,P11,P15,P12,P15,P12,P0,P13,P4,P14,P6
90,2.00,row_horizontal,computed,P0,P0,P0,P0,P0,P0,P0,P0,P0,P0,P0,P0,P0,P0,P0,P0,P0,P0,P0,P0,P0,P0,P0,P0,P0
90,2.00,col_vertical,computed,P0,P13,P0,P13,P0,P13,P0,P13,P0,P13,P0,P13,P0,P13,P0,P13,P0,P13,P0,P13,P0,P13,P0,P13,P0
270,2.00,row_horizontal,rot180,P13,P13,P13,P13,P13,P13,P13,P13,P13,P13,P13,P13,P13,P13,P13,P13,P13,P13,P13,P13,P13,P13,P13,P13,P13
270,2.00,col_vertical,rot180,P13,P0,P13,P0,P13,P0,P13,P0,P13,P0,P13,P0,P13,P0,P13,P0,P13,P0,P13,P0,P13,P0,P13,P0,P13
90,2.10,row_horizontal,computed,P9,P9,P9,P9,P9,P9,P9,P9,P9,P9,P9,P9,P9,P9,P9,P9,P9,P9,P9,P9,P9,P9,P9,P9,P9
90,2.10,col_vertical,computed,P0,P13,P4,P14,P6,P14,P7,P15,P7,P15,P8,P15,P9,P15,P10,P15,P11,P15,P12,P15,P12,P0,P13,P4,P14
270,2.10,row_horizontal,rot180,P8,P8,P8,P8,P8,P8,P8,P8,P8,P8,P8,P8,P8,P8,P8,P8,P8,P8,P8,P8,P8,P8,P8,P8,P8
270,2.10,col_vertical,rot180,P13,P0,P12,P15,P12,P15,P11,P15,P10,P15,P9,P15,P8,P15,P7,P15,P7,P14,P6,P14,P4,P13,P0,P12,P15
90,2.20,row_horizontal,computed,P13,P13,P13,P13,P13,P13,P13,P13,P13,P13,P13,P13,P13,P13,P13,P13,P13,P13,P13,P13,P13,P13,P13,P13,P13
90,2.20,col_vertical,computed,P0,P13,P6,P14,P7,P15,P8,P15,P11,P15,P12,P0,P13,P6,P14,P7,P15,P8,P15,P11,P15,P12,P0,P13,P6
270,2.20,row_horizontal,rot180,P8,P8,P8,P8,P8,P8,P8,P8,P8,P8,P8,P8,P8,P8,P8,P8,P8,P8,P8,P8,P8,P8,P8,P8,P8
270,2.20,col_vertical,rot180,P15,P8,P15,P7,P14,P6,P13,P0,P12,P15,P11,P15,P8,P15,P7,P14,P6,P13,P0,P12,P15,P11,P15,P8,P15
90,2.30,row_horizontal,computed,P15,P15,P15,P15,P15,P15,P15,P15,P15,P15,P15,P15,P15,P15,P15,P15,P15,P15,P15,P15,P15,P15,P15,P15,P15
90,2.30,col_vertical,computed,P0,P14,P7,P15,P8,P15,P11,P15,P13,P6,P14,P8,P15,P10,P15,P12,P3,P14,P7,P15,P9,P15,P12,P15,P14
270,2.30,row_horizontal,rot180,P15,P15,P15,P15,P15,P15,P15,P15,P15,P15,P15,P15,P15,P15,P15,P15,P15,P15,P15,P15,P15,P15,P15,P15,P15
270,2.30,col_vertical,rot180,P14,P3,P12,P15,P10,P15,P8,P14,P6,P13,P15,P11,P15,P8,P15,P7,P14,P0,P12,P15,P9,P15,P7,P14,P3
90,2.40,row_horizontal,computed,P0,P0,P0,P0,P0,P0,P0,P0,P0,P0,P0,P0,P0,P0,P0,P0,P0,P0,P0,P0,P0,P0,P0,P0,P0
90,2.40,col_vertical,computed,P0,P14,P7,P15,P10,P15,P13,P6,P15,P8,P15,P11,P0,P14,P7,P15,P10,P15,P13,P6,P15,P8,P15,P11,P0
270,2.40,row_horizontal,rot180,P6,P6,P6,P6,P6,P6,P6,P6,P6,P6,P6,P6,P6,P6,P6,P6,P6,P6,P6,P6,P6,P6,P6,P6,P6
270,2.40,col_vertical,rot180,P6,P13,P15,P10,P15,P7,P14,P0,P11,P15,P8,P15,P6,P13,P15,P10,P15,P7,P14,P0,P11,P15,P8,P15,P6
90,2.50,row_horizontal,computed,P7,P7,P7,P7,P7,P7,P7,P7,P7,P7,P7,P7,P7,P7,P7,P7,P7,P7,P7,P7,P7,P7,P7,P7,P7
90,2.50,col_vertical,computed,P0,P14,P7,P15,P11,P0,P14,P7,P15,P11,P0,P14,P7,P15,P11,P0,P14,P7,P15,P11,P0,P14,P7,P15,P11
270,2.50,row_horizontal,rot180,P7,P7,P7,P7,P7,P7,P7,P7,P7,P7,P7,P7,P7,P7,P7,P7,P7,P7,P7,P7,P7,P7,P7,P7,P7
270,2.50,col_vertical,rot180,P11,P15,P7,P14,P0,P11,P15,P7,P14,P0,P11,P15,P7,P14,P0,P11,P15,P7,P14,P0,P11,P15,P7,P14,P0
90,2.60,row_horizontal,computed,P11,P11,P11,P11,P11,P11,P11,P11,P11,P11,P11,P11,P11,P11,P11,P11,P11,P11,P11,P11,P11,P11,P11,P11,P11
90,2.60,col_vertical,computed,P0,P14,P8,P15,P12,P5,P15,P10,P15,P13,P7,P15,P11,P0,P14,P8,P15,P12,P5,P15,P10,P15,P13,P7,P15
270,2.60,row_horizontal,rot180,P10,P10,P10,P10,P10,P10,P10,P10,P10,P10,P10,P10,P10,P10,P10,P10,P10,P10,P10,P10,P10,P10,P10,P10,P10
270,2.60,col_vertical,rot180,P15,P5,P12,P15,P8,P14,P0,P11,P15,P7,P13,P15,P10,P15,P5,P12,P15,P8,P14,P0,P11,P15,P7,P13,P15
90,2.70,row_horizontal,computed,P13,P13,P13,P13,P13,P13,P13,P13,P13,P13,P13,P13,P13,P13,P13,P13,P13,P13,P13,P13,P13,P13,P13,P13,P13
90,2.70,col_vertical,computed,P0,P14,P8,P15,P13,P7,P15,P11,P3,P15,P9,P15,P13,P7,P15,P12,P5,P15,P10,P15,P14,P8,P15,P12,P6
270,2.70,row_horizontal,rot180,P13,P13,P13,P13,P13,P13,P13,P13,P13,P13,P13,P13,P13,P13,P13,P13,P13,P13,P13,P13,P13,P13,P13,P13,P13
270,2.70,col_vertical,rot180,P5,P12,P15,P7,P13,P15,P9,P15,P3,P11,P15,P7,P13,P15,P8,P14,P0,P11,P15,P6,P12,P15,P8,P14,P15
90,2.80,row_horizontal,computed,P15,P15,P15,P15,P15,P15,P15,P15,P15,P15,P15,P15,P15,P15,P15,P15,P15,P15,P15,P15,P15,P15,P15,P15,P15
90,2.80,col_vertical,computed,P0,P14,P9,P15,P14,P8,P15,P13,P7,P15,P12,P5,P15,P11,P15,P14,P9,P15,P14,P8,P15,P13,P7,P15,P12
270,2.80,row_horizontal,rot180,P15,P15,P15,P15,P15,P15,P15,P15,P15,P15,P15,P15,P15,P15,P15,P15,P15,P15,P15,P15,P15,P15,P15,P15,P15
270,2.80,col_vertical,rot180,P14,P0,P11,P15,P5,P12,P15,P7,P13,P15,P8,P14,P15,P9,P14,P0,P11,P15,P5,P12,P15,P7,P13,P15,P8
90,2.90,row_horizontal,computed,P15,P15,P15,P15,P15,P15,P15,P15,P15,P15,P15,P15,P15,P15,P15,P15,P15,P15,P15,P15,P15,P15,P15,P15,P15
90,2.90,col_vertical,computed,P0,P14,P10,P15,P14,P8,P15,P14,P8,P15,P13,P8,P15,P13,P7,P15,P13,P7,P15,P12,P6,P15,P11,P5,P15
270,2.90,row_horizontal,rot180,P14,P14,P14,P14,P14,P14,P14,P14,P14,P14,P14,P14,P14,P14,P14,P14,P14,P14,P14,P14,P14,P14,P14,P14,P14
270,2.90,col_vertical,rot180,P13,P15,P7,P13,P15,P8,P13,P15,P8,P14,P15,P8,P14,P15,P10,P14,P0,P10,P15,P3,P11,P15,P5,P11,P15
90,3.00,row_horizontal,computed,P0,P0,P0,P0,P0,P0,P0,P0,P0,P0,P0,P0,P0,P0,P0,P0,P0,P0,P0,P0,P0,P0,P0,P0,P0
90,3.00,col_vertical,computed,P0,P15,P10,P0,P15,P10,P0,P15,P10,P0,P15,P10,P0,P15,P10,P0,P15,P10,P0,P15,P10,P0,P15,P10,P0
270,3.00,row_horizontal,rot180,P15,P15,P15,P15,P15,P15,P15,P15,P15,P15,P15,P15,P15,P15,P15,P15,P15,P15,P15,P15,P15,P15,P15,P15,P15
270,3.00,col_vertical,rot180,P15,P0,P10,P15,P0,P10,P15,P0,P10,P15,P0,P10,P15,P0,P10,P15,P0,P10,P15,P0,P10,P15,P0,P10,P15
135,1.00,row_horizontal,computed,P13,P15,P6,P11,P15,P15,P8,P14,P15,P7,P12,P15,P2,P10,P14,P15,P7,P13,P15,P6,P11,P15,P15,P8,P13
135,1.00,col_vertical,computed,P13,P15,P6,P11,P15,P15,P8,P14,P15,P7,P12,P15,P2,P10,P14,P15,P7,P13,P15,P6,P11,P15,P15,P8,P13
315,1.00,row_horizontal,rot180,P15,P15,P11,P6,P15,P13,P8,P15,P14,P10,P3,P15,P12,P7,P15,P14,P9,P15,P15,P11,P6,P15,P13,P8,P15
315,1.00,col_vertical,rot180,P15,P15,P11,P6,P15,P13,P8,P15,P14,P10,P3,P15,P12,P7,P15,P14,P9,P15,P15,P11,P6,P15,P13,P8,P15
135,1.10,row_horizontal,computed,P9,P14,P0,P11,P15,P5,P12,P15,P7,P13,P15,P8,P14,P15,P9,P14,P0,P11,P15,P5,P12,P15,P7,P13,P15
135,1.10,col_vertical,computed,P9,P14,P0,P11,P15,P5,P12,P15,P7,P13,P15,P8,P14,P15,P9,P14,P0,P11,P15,P5,P12,P15,P7,P13,P15
315,1.10,row_horizontal,rot180,P15,P12,P5,P15,P11,P15,P14,P9,P15,P14,P8,P15,P13,P7,P15,P12,P5,P15,P11,P15,P14,P9,P15,P14,P8
315,1.10,col_vertical,rot180,P15,P12,P5,P15,P11,P15,P14,P9,P15,P14,P8,P15,P13,P7,P15,P12,P5,P15,P11,P15,P14,P9,P15,P14,P8
135,1.20,row_horizontal,computed,P15,P10,P15,P7,P14,P15,P11,P15,P8,P14,P3,P12,P15,P8,P15,P6,P13,P15,P10,P15,P7,P13,P15,P11,P15
135,1.20,col_vertical,computed,P15,P10,P15,P7,P14,P15,P11,P15,P8,P14,P3,P12,P15,P8,P15,P6,P13,P15,P10,P15,P7,P13,P15,P11,P15
315,1.20,row_horizontal,rot180,P14,P8,P15,P11,P15,P14,P7,P15,P10,P15,P13,P7,P15,P9,P15,P12,P5,P14,P8,P15,P12,P0,P14,P7,P15
315,1.20,col_vertical,rot180,P14,P8,P15,P11,P15,P14,P7,P15,P10,P15,P13,P7,P15,P9,P15,P12,P5,P14,P8,P15,P12,P0,P14,P7,P15
135,1.30,row_horizontal,computed,P12,P15,P11,P15,P9,P15,P8,P15,P7,P14,P3,P13,P15,P11,P15,P10,P15,P8,P15,P7,P14,P4,P13,P15,P12
135,1.30,col_vertical,computed,P12,P15,P11,P15,P9,P15,P8,P15,P7,P14,P3,P13,P15,P11,P15,P10,P15,P8,P15,P7,P14,P4,P13,P15,P12
315,1.30,row_horizontal,rot180,P15,P11,P15,P12,P15,P13,P6,P14,P7,P15,P8,P15,P10,P15,P12,P15,P13,P5,P14,P7,P15,P8,P15,P10,P15
315,1.30,col_vertical,rot180,P15,P11,P15,P12,P15,P13,P6,P14,P7,P15,P8,P15,P10,P15,P12,P15,P13,P5,P14,P7,P15,P8,P15,P10,P15
135,1.40,row_horizontal,computed,P15,P12,P15,P12,P15,P11,P15,P11,P15,P11,P15,P11,P15,P11,P15,P11,P15,P11,P15,P10,P15,P10,P15,P10,P15
135,1.40,col_vertical,computed,P15,P12,P15,P12,P15,P11,P15,P11,P15,P11,P15,P11,P15,P11,P15,P11,P15,P11,P15,P10,P15,P10,P15,P10,P15
315,1.40,row_horizontal,rot180,P6,P14,P7,P14,P7,P14,P7,P14,P7,P15,P7,P15,P7,P15,P7,P15,P7,P15,P8,P15,P8,P15,P8,P15,P8
315,1.40,col_vertical,rot180,P6,P14,P7,P14,P7,P14,P7,P14,P7,P15,P7,P15,P7,P15,P7,P15,P7,P15,P8,P15,P8,P15,P8,P15,P8
135,1.50,row_horizontal,computed,P10,P15,P11,P15,P12,P15,P13,P3,P14,P6,P14,P7,P15,P8,P15,P8,P15,P10,P15,P11,P15,P12,P15,P13,P2
135,1.50,col_vertical,computed,P10,P15,P11,P15,P12,P15,P13,P3,P14,P6,P14,P7,P15,P8,P15,P8,P15,P10,P15,P11,P15,P12,P15,P13,P2
315,1.50,row_horizontal,rot180,P10,P15,P8,P15,P7,P15,P7,P14,P6,P13,P2,P13,P15,P12,P15,P11,P15,P10,P15,P8,P15,P8,P15,P7,P14
315,1.50,col_vertical,rot180,P10,P15,P8,P15,P7,P15,P7,P14,P6,P13,P2,P13,P15,P12,P15,P11,P15,P10,P15,P8,P15,P8,P15,P7,P14
135,1.60,row_horizontal,computed,P15,P8,P15,P11,P15,P13,P3,P14,P7,P15,P9,P15,P11,P15,P13,P5,P14,P7,P15,P9,P15,P11,P15,P13,P6
135,1.60,col_vertical,computed,P15,P8,P15,P11,P15,P13,P3,P14,P7,P15,P9,P15,P11,P15,P13,P5,P14,P7,P15,P9,P15,P11,P15,P13,P6
315,1.60,row_horizontal,rot180,P12,P15,P11,P15,P8,P15,P7,P14,P0,P12,P15,P10,P15,P8,P15,P6,P13,P15,P12,P15,P10,P15,P7,P14,P6
315,1.60,col_vertical,rot180,P12,P15,P11,P15,P8,P15,P7,P14,P0,P12,P15,P10,P15,P8,P15,P6,P13,P15,P12,P15,P10,P15,P7,P14,P6
135,1.70,row_horizontal,computed,P0,P14,P7,P15,P10,P15,P13,P6,P15,P8,P15,P12,P1,P14,P7,P15,P11,P15,P13,P6,P15,P8,P15,P12,P2
135,1.70,col_vertical,computed,P0,P14,P7,P15,P10,P15,P13,P6,P15,P8,P15,P12,P1,P14,P7,P15,P11,P15,P13,P6,P15,P8,P15,P12,P2
315,1.70,row_horizontal,rot180,P8,P14,P3,P12,P15,P9,P15,P7,P13,P15,P11,P15,P8,P14,P3,P12,P15,P9,P15,P6,P13,P15,P11,P15,P7
315,1.70,col_vertical,rot180,P8,P14,P3,P12,P15,P9,P15,P7,P13,P15,P11,P15,P8,P14,P3,P12,P15,P9,P15,P6,P13,P15,P11,P15,P7
135,1.80,row_horizontal,computed,P9,P15,P13,P6,P15,P10,P15,P13,P7,P15,P11,P15,P14,P7,P15,P11,P0,P14,P8,P15,P12,P3,P14,P8,P15
135,1.80,col_vertical,computed,P9,P15,P13,P6,P15,P10,P15,P13,P7,P15,P11,P15,P14,P7,P15,P11,P0,P14,P8,P15,P12,P3,P14,P8,P15
315,1.80,row_horizontal,rot180,P15,P7,P13,P15,P10,P15,P6,P13,P15,P9,P15,P5,P12,P15,P8,P14,P3,P12,P15,P8,P14,P0,P11,P15,P7
315,1.80,col_vertical,rot180,P15,P7,P13,P15,P10,P15,P6,P13,P15,P9,P15,P5,P12,P15,P8,P14,P3,P12,P15,P8,P14,P0,P11,P15,P7
135,1.90,row_horizontal,computed,P13,P7,P15,P12,P3,P15,P9,P15,P14,P7,P15,P12,P5,P15,P10,P15,P14,P8,P15,P12,P6,P15,P10,P15,P14
135,1.90,col_vertical,computed,P13,P7,P15,P12,P3,P15,P9,P15,P14,P7,P15,P12,P5,P15,P10,P15,P14,P8,P15,P12,P6,P15,P10,P15,P14
315,1.90,row_horizontal,rot180,P6,P12,P15,P7,P14,P15,P10,P15,P5,P12,P15,P7,P13,P15,P9,P15,P3,P11,P15,P7,P13,P15,P8,P14,P1
315,1.90,col_vertical,rot180,P6,P12,P15,P7,P14,P15,P10,P15,P5,P12,P15,P7,P13,P15,P9,P15,P3,P11,P15,P7,P13,P15,P8,P14,P1
135,2.00,row_horizontal,computed,P15,P11,P4,P15,P10,P15,P14,P9,P15,P14,P8,P15,P13,P7,P15,P12,P6,P15,P11,P3,P15,P10,P15,P14,P8
135,2.00,col_vertical,computed,P15,P11,P4,P15,P10,P15,P14,P9,P15,P14,P8,P15,P13,P7,P15,P12,P6,P15,P11,P3,P15,P10,P15,P14,P8
315,2.00,row_horizontal,rot180,P15,P10,P15,P3,P11,P15,P6,P12,P15,P7,P13,P15,P8,P14,P15,P9,P14,P15,P10,P15,P4,P11,P15,P6,P12
315,2.00,col_vertical,rot180,P15,P10,P15,P3,P11,P15,P6,P12,P15,P7,P13,P15,P8,P14,P15,P9,P14,P15,P10,P15,P4,P11,P15,P6,P12
135,2.10,row_horizontal,computed,P15,P14,P9,P15,P14,P8,P15,P14,P8,P15,P14,P8,P15,P14,P8,P15,P14,P8,P15,P14,P8,P15,P13,P8,P15
135,2.10,col_vertical,computed,P15,P14,P9,P15,P14,P8,P15,P14,P8,P15,P14,P8,P15,P14,P8,P15,P14,P8,P15,P14,P8,P15,P13,P8,P15
315,2.10,row_horizontal,rot180,P5,P11,P15,P6,P12,P15,P6,P12,P15,P6,P12,P15,P7,P12,P15,P7,P12,P15,P7,P12,P15,P7,P13,P15,P7
315,2.10,col_vertical,rot180,P5,P11,P15,P6,P12,P15,P6,P12,P15,P6,P12,P15,P7,P12,P15,P7,P12,P15,P7,P12,P15,P7,P13,P15,P7
135,2.20,row_horizontal,computed,P7,P15,P13,P7,P15,P13,P8,P15,P14,P8,P15,P14,P9,P15,P14,P10,P0,P15,P11,P3,P15,P11,P5,P15,P12
135,2.20,col_vertical,computed,P7,P15,P13,P7,P15,P13,P8,P15,P14,P8,P15,P14,P9,P15,P14,P10,P0,P15,P11,P3,P15,P11,P5,P15,P12
315,2.20,row_horizontal,rot180,P15,P8,P13,P15,P7,P13,P15,P7,P12,P15,P6,P12,P15,P5,P11,P15,P3,P11,P15,P15,P10,P14,P15,P9,P14
315,2.20,col_vertical,rot180,P15,P8,P13,P15,P7,P13,P15,P7,P12,P15,P6,P12,P15,P5,P11,P15,P3,P11,P15,P15,P10,P14,P15,P9,P14
135,2.30,row_horizontal,computed,P10,P0,P15,P11,P6,P15,P12,P7,P15,P13,P8,P15,P14,P10,P0,P15,P11,P6,P15,P12,P7,P15,P13,P8,P15
135,2.30,col_vertical,computed,P10,P0,P15,P11,P6,P15,P12,P7,P15,P13,P8,P15,P14,P10,P0,P15,P11,P6,P15,P12,P7,P15,P13,P8,P15
315,2.30,row_horizontal,rot180,P15,P7,P12,P15,P6,P11,P15,P0,P10,P14,P15,P8,P13,P15,P7,P12,P15,P6,P11,P15,P0,P10,P14,P15,P8
315,2.30,col_vertical,rot180,P15,P7,P12,P15,P6,P11,P15,P0,P10,P14,P15,P8,P13,P15,P7,P12,P15,P6,P11,P15,P0,P10,P14,P15,P8
135,2.40,row_horizontal,computed,P12,P7,P15,P14,P9,P15,P15,P11,P6,P15,P13,P8,P15,P14,P10,P3,P15,P12,P7,P15,P14,P9,P15,P15,P11
135,2.40,col_vertical,computed,P12,P7,P15,P14,P9,P15,P15,P11,P6,P15,P13,P8,P15,P14,P10,P3,P15,P12,P7,P15,P14,P9,P15,P15,P11
315,2.40,row_horizontal,rot180,P10,P14,P15,P7,P13,P15,P6,P11,P15,P15,P8,P14,P15,P7,P12,P15,P2,P10,P14,P15,P8,P13,P15,P6,P11
315,2.40,col_vertical,rot180,P10,P14,P15,P7,P13,P15,P6,P11,P15,P15,P8,P14,P15,P7,P12,P15,P2,P10,P14,P15,P8,P13,P15,P6,P11
135,2.50,row_horizontal,computed,P14,P10,P3,P15,P12,P7,P15,P14,P10,P5,P15,P13,P8,P15,P14,P11,P6,P15,P13,P8,P15,P15,P11,P6,P15
135,2.50,col_vertical,computed,P14,P10,P3,P15,P12,P7,P15,P14,P10,P5,P15,P13,P8,P15,P14,P11,P6,P15,P13,P8,P15,P15,P11,P6,P15
315,2.50,row_horizontal,rot180,P14,P15,P7,P12,P15,P15,P9,P14,P15,P7,P11,P15,P15,P8,P13,P15,P6,P11,P15,P15,P8,P13,P15,P6,P11
315,2.50,col_vertical,rot180,P14,P15,P7,P12,P15,P15,P9,P14,P15,P7,P11,P15,P15,P8,P13,P15,P6,P11,P15,P15,P8,P13,P15,P6,P11
135,2.60,row_horizontal,computed,P15,P12,P7,P15,P14,P11,P6,P15,P14,P9,P1,P15,P12,P7,P15,P14,P11,P6,P15,P14,P9,P2,P15,P12,P8
135,2.60,col_vertical,computed,P15,P12,P7,P15,P14,P11,P6,P15,P14,P9,P1,P15,P12,P7,P15,P14,P11,P6,P15,P14,P9,P2,P15,P12,P8
315,2.60,row_horizontal,rot180,P15,P7,P12,P15,P15,P8,P13,P15,P6,P11,P14,P15,P7,P12,P15,P15,P8,P13,P15,P5,P10,P14,P15,P7,P12
315,2.60,col_vertical,rot180,P15,P7,P12,P15,P15,P8,P13,P15,P6,P11,P14,P15,P7,P12,P15,P15,P8,P13,P15,P5,P10,P14,P15,P7,P12
135,2.70,row_horizontal,computed,P15,P14,P10,P5,P15,P13,P9,P2,P15,P13,P8,P15,P15,P12,P7,P15,P15,P11,P7,P15,P14,P11,P6,P15,P14
135,2.70,col_vertical,computed,P15,P14,P10,P5,P15,P13,P9,P2,P15,P13,P8,P15,P15,P12,P7,P15,P15,P11,P7,P15,P14,P11,P6,P15,P14
315,2.70,row_horizontal,rot180,P13,P15,P2,P9,P13,P15,P5,P10,P14,P15,P7,P11,P14,P15,P7,P12,P15,P15,P8,P12,P15,P0,P8,P13,P15
315,2.70,col_vertical,rot180,P13,P15,P2,P9,P13,P15,P5,P10,P14,P15,P7,P11,P14,P15,P7,P12,P15,P15,P8,P12,P15,P0,P8,P13,P15
135,2.80,row_horizontal,computed,P15,P15,P12,P8,P15,P15,P12,P7,P15,P15,P12,P7,P15,P15,P12,P7,P15,P15,P12,P7,P15,P15,P11,P7,P15
135,2.80,col_vertical,computed,P15,P15,P12,P8,P15,P15,P12,P7,P15,P15,P12,P7,P15,P15,P12,P7,P15,P15,P12,P7,P15,P15,P11,P7,P15
315,2.80,row_horizontal,rot180,P14,P15,P5,P10,P14,P15,P5,P10,P14,P15,P6,P10,P14,P15,P6,P10,P14,P15,P6,P11,P14,P15,P6,P11,P14
315,2.80,col_vertical,rot180,P14,P15,P5,P10,P14,P15,P5,P10,P14,P15,P6,P10,P14,P15,P6,P10,P14,P15,P6,P11,P14,P15,P6,P11,P14
135,2.90,row_horizontal,computed,P5,P15,P14,P10,P6,P15,P14,P11,P7,P15,P14,P11,P7,P15,P15,P11,P7,P15,P15,P12,P7,P15,P15,P12,P8
135,2.90,col_vertical,computed,P5,P15,P14,P10,P6,P15,P14,P11,P7,P15,P14,P11,P7,P15,P15,P11,P7,P15,P15,P12,P7,P15,P15,P12,P8
315,2.90,row_horizontal,rot180,P8,P12,P15,P15,P8,P12,P15,P15,P7,P12,P15,P15,P7,P11,P14,P15,P7,P11,P14,P15,P6,P10,P14,P15,P6
315,2.90,col_vertical,rot180,P8,P12,P15,P15,P8,P12,P15,P15,P7,P12,P15,P15,P7,P11,P14,P15,P7,P11,P14,P15,P6,P10,P14,P15,P6
135,3.00,row_horizontal,computed,P7,P15,P15,P12,P8,P15,P15,P13,P9,P4,P15,P14,P10,P6,P15,P14,P11,P7,P15,P15,P12,P8,P15,P15,P13
135,3.00,col_vertical,computed,P7,P15,P15,P12,P8,P15,P15,P13,P9,P4,P15,P14,P10,P6,P15,P14,P11,P7,P15,P15,P12,P8,P15,P15,P13
315,3.00,row_horizontal,rot180,P14,P15,P7,P11,P14,P15,P5,P9,P13,P15,P0,P8,P13,P15,P15,P7,P12,P15,P15,P7,P11,P14,P15,P5,P10
315,3.00,col_vertical,rot180,P14,P15,P7,P11,P14,P15,P5,P9,P13,P15,P0,P8,P13,P15,P15,P7,P12,P15,P15,P7,P11,P14,P15,P5,P10
