theta_deg,period_px,anchor,quant_rule,source,shift_frac,levels_used,eta_grating,eta_free_anchor,eta_legacy,eta_envelope,order_split,eta_total,steer_deg,nyquist_ok,alias_period_px,alias_reversed
0,1.00,free,lut,computed,0.000000,P0,1.000000,1.000000,1.000000,0.006266,2,0.003133,4.8068,0,inf,0
180,1.00,free,lut,rot180,0.000000,P0,1.000000,1.000000,1.000000,0.006266,2,0.003133,4.8068,0,inf,0
0,1.10,free,lut,computed,0.000000,P0|P6|P7|P8|P11|P12|P13|P14|P15,0.730606,0.730606,0.730606,0.029645,1,0.021658,4.3689,0,11.0000,1
180,1.10,free,lut,rot180,0.000000,P0|P6|P7|P8|P11|P12|P13|P14|P15,0.730606,0.730606,0.780043,0.029645,1,0.021658,4.3689,0,11.0000,1
0,1.20,free,lut,computed,0.000000,P0|P7|P10|P13|P15,0.828152,0.828152,0.828152,0.065326,1,0.054100,4.0042,0,6.0000,1
180,1.20,free,lut,rot180,0.000000,P0|P7|P10|P13|P15,0.828152,0.828152,0.828380,0.065326,1,0.054100,4.0042,0,6.0000,1
0,1.30,free,lut,computed,0.000000,P0|P5|P7|P8|P10|P11|P12|P13|P14|P15,0.776482,0.776482,0.776482,0.108108,1,0.083944,3.6958,0,4.3333,1
180,1.30,free,lut,rot180,0.000000,P0|P5|P7|P8|P10|P11|P12|P13|P14|P15,0.776482,0.776482,0.775933,0.108108,1,0.083944,3.6958,0,4.3333,1
0,1.40,free,lut,computed,0.000000,P0|P7|P9|P12|P14|P15,0.828780,0.828780,0.828780,0.153996,1,0.127629,3.4315,0,3.5000,1
180,1.40,free,lut,rot180,0.000000,P0|P7|P9|P12|P14|P15,0.828780,0.828780,0.789203,0.153996,1,0.127629,3.4315,0,3.5000,1
0,1.50,free,lut,computed,0.000000,P0|P10|P15,0.909223,0.909223,0.909223,0.200273,1,0.182093,3.2024,0,3.0000,1
180,1.50,free,lut,rot180,0.000000,P0|P10|P15,0.909223,0.909223,0.909110,0.200273,1,0.182093,3.2024,0,3.0000,1
0,1.60,free,lut,computed,0.000000,P0|P7|P8|P11|P13|P14|P15,0.779717,0.779717,0.779717,0.245247,1,0.191223,3.0021,0,2.6667,1
180,1.60,free,lut,rot180,0.000000,P0|P7|P8|P11|P13|P14|P15,0.779717,0.779717,0.779965,0.245247,1,0.191223,3.0021,0,2.6667,1
0,1.70,free,lut,computed,0.000000,P0|P5|P7|P8|P9|P11|P12|P13|P14|P15,0.751972,0.751972,0.751972,0.287945,1,0.216527,2.8254,0,2.4286,1
180,1.70,free,lut,rot180,0.000000,P0|P5|P7|P8|P9|P11|P12|P13|P14|P15,0.751972,0.751972,0.752046,0.287945,1,0.216527,2.8254,0,2.4286,1
0,1.80,free,lut,computed,0.000000,P0|P6|P8|P10|P12|P13|P15,0.781733,0.781733,0.781733,0.327881,1,0.256315,2.6683,0,2.2500,1
180,1.80,free,lut,rot180,0.000000,P0|P6|P8|P10|P12|P13|P15,0.781733,0.781733,0.781938,0.327881,1,0.256315,2.6683,0,2.2500,1
0,1.90,free,lut,computed,0.000000,P0|P4|P6|P7|P8|P10|P11|P12|P13|P14|P15,0.770306,0.770306,0.770306,0.364870,1,0.281062,2.5278,0,2.1111,1
180,1.90,free,lut,rot180,0.000000,P0|P4|P6|P7|P8|P10|P11|P12|P13|P14|P15,0.770306,0.770306,0.770050,0.364870,1,0.281062,2.5278,0,2.1111,1
0,2.00,free,lut,computed,0.000000,P0|P13,0.806811,0.806811,0.806811,0.398918,2,0.160926,2.4013,1,2.0000,0
180,2.00,free,lut,rot180,0.000000,P0|P13,0.806811,0.806811,0.806811,0.398918,2,0.160926,2.4013,1,2.0000,0
0,2.10,free,lut,computed,0.000000,P0|P4|P6|P7|P8|P9|P10|P11|P12|P13|P14|P15,0.769224,0.769224,0.769224,0.430138,1,0.330873,2.2869,1,2.1000,0
180,2.10,free,lut,rot180,0.000000,P0|P4|P6|P7|P8|P9|P10|P11|P12|P13|P14|P15,0.769224,0.769224,0.769680,0.430138,1,0.330873,2.2869,1,2.1000,0
0,2.20,free,lut,computed,0.000000,P0|P6|P7|P8|P11|P12|P13|P14|P15,0.730786,0.730786,0.730786,0.458702,1,0.335213,2.1829,1,2.2000,0
180,2.20,free,lut,rot180,0.000000,P0|P6|P7|P8|P11|P12|P13|P14|P15,0.730786,0.730786,0.779736,0.458702,1,0.335213,2.1829,1,2.2000,0
0,2.30,free,lut,computed,0.000000,P0|P3|P6|P7|P8|P9|P10|P11|P12|P13|P14|P15,0.758813,0.758813,0.758813,0.484807,1,0.367878,2.0879,1,2.3000,0
180,2.30,free,lut,rot180,0.000000,P0|P3|P6|P7|P8|P9|P10|P11|P12|P13|P14|P15,0.758813,0.758813,0.735957,0.484807,1,0.367878,2.0879,1,2.3000,0
0,2.40,free,lut,computed,0.000000,P0|P6|P7|P8|P10|P11|P13|P14|P15,0.786731,0.786731,0.786731,0.508658,1,0.400177,2.0009,1,2.4000,0
180,2.40,free,lut,rot180,0.000000,P0|P6|P7|P8|P10|P11|P13|P14|P15,0.786731,0.786731,0.786707,0.508658,1,0.400177,2.0009,1,2.4000,0
0,2.50,free,lut,computed,0.000000,P0|P7|P11|P14|P15,0.847986,0.847986,0.847986,0.530458,1,0.449821,1.9208,1,2.5000,0
180,2.50,free,lut,rot180,0.000000,P0|P7|P11|P14|P15,0.847986,0.847986,0.847900,0.530458,1,0.449821,1.9208,1,2.5000,0
0,2.60,free,lut,computed,0.000000,P0|P5|P7|P8|P10|P11|P12|P13|P14|P15,0.776050,0.776050,0.776050,0.550398,1,0.427136,1.8469,1,2.6000,0
180,2.60,free,lut,rot180,0.000000,P0|P5|P7|P8|P10|P11|P12|P13|P14|P15,0.776050,0.776050,0.776345,0.550398,1,0.427136,1.8469,1,2.6000,0
0,2.70,free,lut,computed,0.000000,P0|P3|P5|P6|P7|P8|P9|P10|P11|P12|P13|P14|P15,0.752114,0.752114,0.752114,0.568654,1,0.427693,1.7785,1,2.7000,0
180,2.70,free,lut,rot180,0.000000,P0|P3|P5|P6|P7|P8|P9|P10|P11|P12|P13|P14|P15,0.752114,0.752114,0.761659,0.568654,1,0.427693,1.7785,1,2.7000,0
0,2.80,free,lut,computed,0.000000,P0|P5|P7|P8|P9|P11|P12|P13|P14|P15,0.773466,0.773466,0.773466,0.585390,1,0.452779,1.7150,1,2.8000,0
180,2.80,free,lut,rot180,0.000000,P0|P5|P7|P8|P9|P11|P12|P13|P14|P15,0.773466,0.773466,0.757882,0.585390,1,0.452779,1.7150,1,2.8000,0
0,2.90,free,lut,computed,0.000000,P0|P3|P5|P6|P7|P8|P10|P11|P12|P13|P14|P15,0.755422,0.755422,0.755422,0.600752,1,0.453822,1.6558,1,2.9000,0
180,2.90,free,lut,rot180,0.000000,P0|P3|P5|P6|P7|P8|P10|P11|P12|P13|P14|P15,0.755422,0.755422,0.754645,0.600752,1,0.453822,1.6558,1,2.9000,0
0,3.00,free,lut,computed,0.000000,P0|P10|P15,0.909110,0.909110,0.909110,0.614875,1,0.558989,1.6006,1,3.0000,0
180,3.00,free,lut,rot180,0.000000,P0|P10|P15,0.909110,0.909110,0.909223,0.614875,1,0.558989,1.6006,1,3.0000,0
45,1.00,free,lut,computed,0.000000,P0|P1|P2|P3|P4|P5|P6|P7|P8|P9|P10|P11|P12|P13|P14|P15,0.743825,0.743825,0.743825,0.030473,1,0.022666,4.8068,0,2.4142,1
225,1.00,free,lut,rot180,0.000000,P0|P1|P2|P3|P4|P5|P6|P7|P8|P9|P10|P11|P12|P13|P14|P15,0.743825,0.743825,0.743778,0.030473,1,0.022666,4.8068,0,2.4142,1
45,1.10,free,lut,computed,0.000000,P0|P1|P2|P3|P4|P5|P6|P7|P8|P9|P10|P11|P12|P13|P14|P15,0.735642,0.735642,0.735642,0.060095,1,0.044208,4.3689,0,1.9797,1
225,1.10,free,lut,rot180,0.000000,P0|P1|P2|P3|P4|P5|P6|P7|P8|P9|P10|P11|P12|P13|P14|P15,0.735642,0.735642,0.747169,0.060095,1,0.044208,4.3689,0,1.9797,1
45,1.20,free,lut,computed,0.000000,P0|P1|P2|P3|P4|P5|P6|P7|P8|P9|P10|P11|P12|P13|P14|P15,0.743841,0.743841,0.743841,0.097131,1,0.072250,4.0042,0,1.7215,1
225,1.20,free,lut,rot180,0.000000,P0|P1|P2|P3|P4|P5|P6|P7|P8|P9|P10|P11|P12|P13|P14|P15,0.743841,0.743841,0.743550,0.097131,1,0.072250,4.0042,0,1.7215,1
45,1.30,free,lut,computed,0.000000,P0|P1|P2|P3|P4|P5|P6|P7|P8|P9|P10|P11|P12|P13|P14|P15,0.743660,0.743660,0.743660,0.138566,1,0.103046,3.6958,0,1.5504,1
225,1.30,free,lut,rot180,0.000000,P0|P1|P2|P3|P4|P5|P6|P7|P8|P9|P10|P11|P12|P13|P14|P15,0.743660,0.743660,0.743622,0.138566,1,0.103046,3.6958,0,1.5504,1
45,1.40,free,lut,computed,0.000000,P0|P1|P2|P3|P4|P5|P6|P7|P8|P9|P10|P11|P12|P13|P14|P15,0.744239,0.744239,0.744239,0.181834,1,0.135328,3.4315,0,1.4287,1
225,1.40,free,lut,rot180,0.000000,P0|P1|P2|P3|P4|P5|P6|P7|P8|P9|P10|P11|P12|P13|P14|P15,0.744239,0.744239,0.743323,0.181834,1,0.135328,3.4315,0,1.4287,1
45,1.50,free,lut,computed,0.000000,P0|P1|P2|P3|P4|P5|P6|P7|P8|P9|P10|P11|P12|P13|P14|P15,0.744004,0.744004,0.744004,0.225052,1,0.167439,3.2024,1,1.5000,0
225,1.50,free,lut,rot180,0.000000,P0|P1|P2|P3|P4|P5|P6|P7|P8|P9|P10|P11|P12|P13|P14|P15,0.744004,0.744004,0.743602,0.225052,1,0.167439,3.2024,1,1.5000,0
45,1.60,free,lut,computed,0.000000,P0|P1|P2|P3|P4|P5|P6|P7|P8|P9|P10|P11|P12|P13|P14|P15,0.743961,0.743961,0.743961,0.266969,1,0.198614,3.0021,1,1.6000,0
225,1.60,free,lut,rot180,0.000000,P0|P1|P2|P3|P4|P5|P6|P7|P8|P9|P10|P11|P12|P13|P14|P15,0.743961,0.743961,0.743591,0.266969,1,0.198614,3.0021,1,1.6000,0
45,1.70,free,lut,computed,0.000000,P0|P1|P2|P3|P4|P5|P6|P7|P8|P9|P10|P11|P12|P13|P14|P15,0.744054,0.744054,0.744054,0.306826,1,0.228295,2.8254,1,1.7000,0
225,1.70,free,lut,rot180,0.000000,P0|P1|P2|P3|P4|P5|P6|P7|P8|P9|P10|P11|P12|P13|P14|P15,0.744054,0.744054,0.743603,0.306826,1,0.228295,2.8254,1,1.7000,0
45,1.80,free,lut,computed,0.000000,P0|P1|P2|P3|P4|P5|P6|P7|P8|P9|P10|P11|P12|P13|P14|P15,0.742258,0.742258,0.742258,0.344221,1,0.255501,2.6683,1,1.8000,0
225,1.80,free,lut,rot180,0.000000,P0|P1|P2|P3|P4|P5|P6|P7|P8|P9|P10|P11|P12|P13|P14|P15,0.742258,0.742258,0.745687,0.344221,1,0.255501,2.6683,1,1.8000,0
45,1.90,free,lut,computed,0.000000,P0|P1|P2|P3|P4|P5|P6|P7|P8|P9|P10|P11|P12|P13|P14|P15,0.743687,0.743687,0.743687,0.378989,1,0.281849,2.5278,1,1.9000,0
225,1.90,free,lut,rot180,0.000000,P0|P1|P2|P3|P4|P5|P6|P7|P8|P9|P10|P11|P12|P13|P14|P15,0.743687,0.743687,0.743769,0.378989,1,0.281849,2.5278,1,1.9000,0
45,2.00,free,lut,computed,0.000000,P0|P1|P2|P3|P4|P5|P6|P7|P8|P9|P10|P11|P12|P13|P14|P15,0.744030,0.744030,0.744030,0.411119,1,0.305885,2.4013,1,2.0000,0
225,2.00,free,lut,rot180,0.000000,P0|P1|P2|P3|P4|P5|P6|P7|P8|P9|P10|P11|P12|P13|P14|P15,0.744030,0.744030,0.743527,0.411119,1,0.305885,2.4013,1,2.0000,0
45,2.10,free,lut,computed,0.000000,P0|P1|P2|P3|P4|P5|P6|P7|P8|P9|P10|P11|P12|P13|P14|P15,0.744256,0.744256,0.744256,0.440694,1,0.327989,2.2869,1,2.1000,0
225,2.10,free,lut,rot180,0.000000,P0|P1|P2|P3|P4|P5|P6|P7|P8|P9|P10|P11|P12|P13|P14|P15,0.744256,0.744256,0.743527,0.440694,1,0.327989,2.2869,1,2.1000,0
45,2.20,free,lut,computed,0.000000,P0|P1|P2|P3|P4|P5|P6|P7|P8|P9|P10|P11|P12|P13|P14|P15,0.742043,0.742043,0.742043,0.467853,1,0.347167,2.1829,1,2.2000,0
225,2.20,free,lut,rot180,0.000000,P0|P1|P2|P3|P4|P5|P6|P7|P8|P9|P10|P11|P12|P13|P14|P15,0.742043,0.742043,0.747028,0.467853,1,0.347167,2.1829,1,2.2000,0
45,2.30,free,lut,computed,0.000000,P0|P1|P2|P3|P4|P5|P6|P7|P8|P9|P10|P11|P12|P13|P14|P15,0.743671,0.743671,0.743671,0.492759,1,0.366451,2.0879,1,2.3000,0
225,2.30,free,lut,rot180,0.000000,P0|P1|P2|P3|P4|P5|P6|P7|P8|P9|P10|P11|P12|P13|P14|P15,0.743671,0.743671,0.743853,0.492759,1,0.366451,2.0879,1,2.3000,0
45,2.40,free,lut,computed,0.000000,P0|P1|P2|P3|P4|P5|P6|P7|P8|P9|P10|P11|P12|P13|P14|P15,0.744074,0.744074,0.744074,0.515589,1,0.383636,2.0009,1,2.4000,0
225,2.40,free,lut,rot180,0.000000,P0|P1|P2|P3|P4|P5|P6|P7|P8|P9|P10|P11|P12|P13|P14|P15,0.744074,0.744074,0.743479,0.515589,1,0.383636,2.0009,1,2.4000,0
45,2.50,free,lut,computed,0.000000,P0|P1|P2|P3|P4|P5|P6|P7|P8|P9|P10|P11|P12|P13|P14|P15,0.743800,0.743800,0.743800,0.536516,1,0.399061,1.9208,1,2.5000,0
225,2.50,free,lut,rot180,0.000000,P0|P1|P2|P3|P4|P5|P6|P7|P8|P9|P10|P11|P12|P13|P14|P15,0.743800,0.743800,0.743782,0.536516,1,0.399061,1.9208,1,2.5000,0
45,2.60,free,lut,computed,0.000000,P0|P1|P2|P3|P4|P5|P6|P7|P8|P9|P10|P11|P12|P13|P14|P15,0.743616,0.743616,0.743616,0.555709,1,0.413234,1.8469,1,2.6000,0
225,2.60,free,lut,rot180,0.000000,P0|P1|P2|P3|P4|P5|P6|P7|P8|P9|P10|P11|P12|P13|P14|P15,0.743616,0.743616,0.743715,0.555709,1,0.413234,1.8469,1,2.6000,0
45,2.70,free,lut,computed,0.000000,P0|P1|P2|P3|P4|P5|P6|P7|P8|P9|P10|P11|P12|P13|P14|P15,0.742066,0.742066,0.742066,0.573325,1,0.425445,1.7785,1,2.7000,0
225,2.70,free,lut,rot180,0.000000,P0|P1|P2|P3|P4|P5|P6|P7|P8|P9|P10|P11|P12|P13|P14|P15,0.742066,0.742066,0.744452,0.573325,1,0.425445,1.7785,1,2.7000,0
45,2.80,free,lut,computed,0.000000,P0|P1|P2|P3|P4|P5|P6|P7|P8|P9|P10|P11|P12|P13|P14|P15,0.744091,0.744091,0.744091,0.589510,1,0.438649,1.7150,1,2.8000,0
225,2.80,free,lut,rot180,0.000000,P0|P1|P2|P3|P4|P5|P6|P7|P8|P9|P10|P11|P12|P13|P14|P15,0.744091,0.744091,0.743529,0.589510,1,0.438649,1.7150,1,2.8000,0
45,2.90,free,lut,computed,0.000000,P0|P1|P2|P3|P4|P5|P6|P7|P8|P9|P10|P11|P12|P13|P14|P15,0.743814,0.743814,0.743814,0.604397,1,0.449559,1.6558,1,2.9000,0
225,2.90,free,lut,rot180,0.000000,P0|P1|P2|P3|P4|P5|P6|P7|P8|P9|P10|P11|P12|P13|P14|P15,0.743814,0.743814,0.744003,0.604397,1,0.449559,1.6558,1,2.9000,0
45,3.00,free,lut,computed,0.000000,P0|P1|P2|P3|P4|P5|P6|P7|P8|P9|P10|P11|P12|P13|P14|P15,0.744078,0.744078,0.744078,0.618110,1,0.459922,1.6006,1,3.0000,0
225,3.00,free,lut,rot180,0.000000,P0|P1|P2|P3|P4|P5|P6|P7|P8|P9|P10|P11|P12|P13|P14|P15,0.744078,0.744078,0.743444,0.618110,1,0.459922,1.6006,1,3.0000,0
90,1.00,free,lut,computed,0.000000,P0,1.000000,1.000000,1.000000,0.006266,2,0.003133,4.8068,0,inf,0
270,1.00,free,lut,rot180,0.000000,P0,1.000000,1.000000,1.000000,0.006266,2,0.003133,4.8068,0,inf,0
90,1.10,free,lut,computed,0.000000,P0|P6|P7|P8|P11|P12|P13|P14|P15,0.780240,0.780240,0.780240,0.029645,1,0.023130,4.3689,0,11.0000,1
270,1.10,free,lut,rot180,0.000000,P0|P6|P7|P8|P11|P12|P13|P14|P15,0.780240,0.780240,0.732959,0.029645,1,0.023130,4.3689,0,11.0000,1
90,1.20,free,lut,computed,0.000000,P0|P7|P10|P13|P15,0.828389,0.828389,0.828389,0.065326,1,0.054115,4.0042,0,6.0000,1
270,1.20,free,lut,rot180,0.000000,P0|P7|P10|P13|P15,0.828389,0.828389,0.828002,0.065326,1,0.054115,4.0042,0,6.0000,1
90,1.30,free,lut,computed,0.000000,P0|P5|P7|P8|P10|P11|P12|P13|P14|P15,0.775891,0.775891,0.775891,0.108108,1,0.083880,3.6958,0,4.3333,1
270,1.30,free,lut,rot180,0.000000,P0|P5|P7|P8|P10|P11|P12|P13|P14|P15,0.775891,0.775891,0.776556,0.108108,1,0.083880,3.6958,0,4.3333,1
90,1.40,free,lut,computed,0.000000,P0|P7|P9|P12|P14|P15,0.793960,0.793960,0.793960,0.153996,1,0.122267,3.4315,0,3.5000,1
270,1.40,free,lut,rot180,0.000000,P0|P7|P9|P12|P14|P15,0.793960,0.793960,0.828767,0.153996,1,0.122267,3.4315,0,3.5000,1
90,1.50,free,lut,computed,0.000000,P0|P10|P15,0.909075,0.909075,0.909075,0.200273,1,0.182063,3.2024,0,3.0000,1
270,1.50,free,lut,rot180,0.000000,P0|P10|P15,0.909075,0.909075,0.909267,0.200273,1,0.182063,3.2024,0,3.0000,1
90,1.60,free,lut,computed,0.000000,P0|P7|P8|P11|P13|P14|P15,0.780021,0.780021,0.780021,0.245247,1,0.191298,3.0021,0,2.6667,1
270,1.60,free,lut,rot180,0.000000,P0|P7|P8|P11|P13|P14|P15,0.780021,0.780021,0.780021,0.245247,1,0.191298,3.0021,0,2.6667,1
90,1.70,free,lut,computed,0.000000,P0|P5|P7|P8|P9|P11|P12|P13|P14|P15,0.751899,0.751899,0.751899,0.287945,1,0.216506,2.8254,0,2.4286,1
270,1.70,free,lut,rot180,0.000000,P0|P5|P7|P8|P9|P11|P12|P13|P14|P15,0.751899,0.751899,0.751899,0.287945,1,0.216506,2.8254,0,2.4286,1
90,1.80,free,lut,computed,0.000000,P0|P6|P8|P10|P12|P13|P15,0.781996,0.781996,0.781996,0.327881,1,0.256402,2.6683,0,2.2500,1
270,1.80,free,lut,rot180,0.000000,P0|P6|P8|P10|P12|P13|P15,0.781996,0.781996,0.781648,0.327881,1,0.256402,2.6683,0,2.2500,1
90,1.90,free,lut,computed,0.000000,P0|P4|P6|P7|P8|P10|P11|P12|P13|P14|P15,0.770267,0.770267,0.770267,0.364870,1,0.281047,2.5278,0,2.1111,1
270,1.90,free,lut,rot180,0.000000,P0|P4|P6|P7|P8|P10|P11|P12|P13|P14|P15,0.770267,0.770267,0.770248,0.364870,1,0.281047,2.5278,0,2.1111,1
90,2.00,free,lut,computed,0.000000,P0|P13,0.806811,0.806811,0.806811,0.398918,2,0.160926,2.4013,1,2.0000,0
270,2.00,free,lut,rot180,0.000000,P0|P13,0.806811,0.806811,0.806811,0.398918,2,0.160926,2.4013,1,2.0000,0
90,2.10,free,lut,computed,0.000000,P0|P4|P6|P7|P8|P9|P10|P11|P12|P13|P14|P15,0.769047,0.769047,0.769047,0.430138,1,0.330796,2.2869,1,2.1000,0
270,2.10,free,lut,rot180,0.000000,P0|P4|P6|P7|P8|P9|P10|P11|P12|P13|P14|P15,0.769047,0.769047,0.769044,0.430138,1,0.330796,2.2869,1,2.1000,0
90,2.20,free,lut,computed,0.000000,P0|P6|P7|P8|P11|P12|P13|P14|P15,0.780110,0.780110,0.780110,0.458702,1,0.357838,2.1829,1,2.2000,0
270,2.20,free,lut,rot180,0.000000,P0|P6|P7|P8|P11|P12|P13|P14|P15,0.780110,0.780110,0.732978,0.458702,1,0.357838,2.1829,1,2.2000,0
90,2.30,free,lut,computed,0.000000,P0|P3|P6|P7|P8|P9|P10|P11|P12|P13|P14|P15,0.733850,0.733850,0.733850,0.484807,1,0.355775,2.0879,1,2.3000,0
270,2.30,free,lut,rot180,0.000000,P0|P3|P6|P7|P8|P9|P10|P11|P12|P13|P14|P15,0.733850,0.733850,0.758624,0.484807,1,0.355775,2.0879,1,2.3000,0
90,2.40,free,lut,computed,0.000000,P0|P6|P7|P8|P10|P11|P13|P14|P15,0.786492,0.786492,0.786492,0.508658,1,0.400056,2.0009,1,2.4000,0
270,2.40,free,lut,rot180,0.000000,P0|P6|P7|P8|P10|P11|P13|P14|P15,0.786492,0.786492,0.786080,0.508658,1,0.400056,2.0009,1,2.4000,0
90,2.50,free,lut,computed,0.000000,P0|P7|P11|P14|P15,0.848046,0.848046,0.848046,0.530458,1,0.449853,1.9208,1,2.5000,0
270,2.50,free,lut,rot180,0.000000,P0|P7|P11|P14|P15,0.848046,0.848046,0.848046,0.530458,1,0.449853,1.9208,1,2.5000,0
90,2.60,free,lut,computed,0.000000,P0|P5|P7|P8|P10|P11|P12|P13|P14|P15,0.776391,0.776391,0.776391,0.550398,1,0.427324,1.8469,1,2.6000,0
270,2.60,free,lut,rot180,0.000000,P0|P5|P7|P8|P10|P11|P12|P13|P14|P15,0.776391,0.776391,0.776056,0.550398,1,0.427324,1.8469,1,2.6000,0
90,2.70,free,lut,computed,0.000000,P0|P3|P5|P6|P7|P8|P9|P10|P11|P12|P13|P14|P15,0.761450,0.761450,0.761450,0.568654,1,0.433002,1.7785,1,2.7000,0
270,2.70,free,lut,rot180,0.000000,P0|P3|P5|P6|P7|P8|P9|P10|P11|P12|P13|P14|P15,0.761450,0.761450,0.748557,0.568654,1,0.433002,1.7785,1,2.7000,0
90,2.80,free,lut,computed,0.000000,P0|P5|P7|P8|P9|P11|P12|P13|P14|P15,0.758247,0.758247,0.758247,0.585390,1,0.443870,1.7150,1,2.8000,0
270,2.80,free,lut,rot180,0.000000,P0|P5|P7|P8|P9|P11|P12|P13|P14|P15,0.758247,0.758247,0.773437,0.585390,1,0.443870,1.7150,1,2.8000,0
90,2.90,free,lut,computed,0.000000,P0|P3|P5|P6|P7|P8|P10|P11|P12|P13|P14|P15,0.753767,0.753767,0.753767,0.600752,1,0.452827,1.6558,1,2.9000,0
270,2.90,free,lut,rot180,0.000000,P0|P3|P5|P6|P7|P8|P10|P11|P12|P13|P14|P15,0.753767,0.753767,0.756516,0.600752,1,0.452827,1.6558,1,2.9000,0
90,3.00,free,lut,computed,0.000000,P0|P10|P15,0.909267,0.909267,0.909267,0.614875,1,0.559086,1.6006,1,3.0000,0
270,3.00,free,lut,rot180,0.000000,P0|P10|P15,0.909267,0.909267,0.909075,0.614875,1,0.559086,1.6006,1,3.0000,0
135,1.00,free,lut,computed,0.000000,P0|P1|P2|P3|P4|P5|P6|P7|P8|P9|P10|P11|P12|P13|P14|P15,0.743628,0.743628,0.743628,0.030473,1,0.022660,4.8068,0,2.4142,1
315,1.00,free,lut,rot180,0.000000,P0|P1|P2|P3|P4|P5|P6|P7|P8|P9|P10|P11|P12|P13|P14|P15,0.743628,0.743628,0.743081,0.030473,1,0.022660,4.8068,0,2.4142,1
135,1.10,free,lut,computed,0.000000,P0|P1|P2|P3|P4|P5|P6|P7|P8|P9|P10|P11|P12|P13|P14|P15,0.747185,0.747185,0.747185,0.060095,1,0.044902,4.3689,0,1.9797,1
315,1.10,free,lut,rot180,0.000000,P0|P1|P2|P3|P4|P5|P6|P7|P8|P9|P10|P11|P12|P13|P14|P15,0.747185,0.747185,0.746288,0.060095,1,0.044902,4.3689,0,1.9797,1
135,1.20,free,lut,computed,0.000000,P0|P1|P2|P3|P4|P5|P6|P7|P8|P9|P10|P11|P12|P13|P14|P15,0.743774,0.743774,0.743774,0.097131,1,0.072244,4.0042,0,1.7215,1
315,1.20,free,lut,rot180,0.000000,P0|P1|P2|P3|P4|P5|P6|P7|P8|P9|P10|P11|P12|P13|P14|P15,0.743774,0.743774,0.742947,0.097131,1,0.072244,4.0042,0,1.7215,1
135,1.30,free,lut,computed,0.000000,P0|P1|P2|P3|P4|P5|P6|P7|P8|P9|P10|P11|P12|P13|P14|P15,0.743542,0.743542,0.743542,0.138566,1,0.103030,3.6958,0,1.5504,1
315,1.30,free,lut,rot180,0.000000,P0|P1|P2|P3|P4|P5|P6|P7|P8|P9|P10|P11|P12|P13|P14|P15,0.743542,0.743542,0.743220,0.138566,1,0.103030,3.6958,0,1.5504,1
135,1.40,free,lut,computed,0.000000,P0|P1|P2|P3|P4|P5|P6|P7|P8|P9|P10|P11|P12|P13|P14|P15,0.742274,0.742274,0.742274,0.181834,1,0.134970,3.4315,0,1.4287,1
315,1.40,free,lut,rot180,0.000000,P0|P1|P2|P3|P4|P5|P6|P7|P8|P9|P10|P11|P12|P13|P14|P15,0.742274,0.742274,0.744123,0.181834,1,0.134970,3.4315,0,1.4287,1
135,1.50,free,lut,computed,0.000000,P0|P1|P2|P3|P4|P5|P6|P7|P8|P9|P10|P11|P12|P13|P14|P15,0.743237,0.743237,0.743237,0.225052,1,0.167267,3.2024,1,1.5000,0
315,1.50,free,lut,rot180,0.000000,P0|P1|P2|P3|P4|P5|P6|P7|P8|P9|P10|P11|P12|P13|P14|P15,0.743237,0.743237,0.743319,0.225052,1,0.167267,3.2024,1,1.5000,0
135,1.60,free,lut,computed,0.000000,P0|P1|P2|P3|P4|P5|P6|P7|P8|P9|P10|P11|P12|P13|P14|P15,0.743314,0.743314,0.743314,0.266969,1,0.198441,3.0021,1,1.6000,0
315,1.60,free,lut,rot180,0.000000,P0|P1|P2|P3|P4|P5|P6|P7|P8|P9|P10|P11|P12|P13|P14|P15,0.743314,0.743314,0.743558,0.266969,1,0.198441,3.0021,1,1.6000,0
135,1.70,free,lut,computed,0.000000,P0|P1|P2|P3|P4|P5|P6|P7|P8|P9|P10|P11|P12|P13|P14|P15,0.743073,0.743073,0.743073,0.306826,1,0.227994,2.8254,1,1.7000,0
315,1.70,free,lut,rot180,0.000000,P0|P1|P2|P3|P4|P5|P6|P7|P8|P9|P10|P11|P12|P13|P14|P15,0.743073,0.743073,0.743578,0.306826,1,0.227994,2.8254,1,1.7000,0
135,1.80,free,lut,computed,0.000000,P0|P1|P2|P3|P4|P5|P6|P7|P8|P9|P10|P11|P12|P13|P14|P15,0.741348,0.741348,0.741348,0.344221,1,0.255188,2.6683,1,1.8000,0
315,1.80,free,lut,rot180,0.000000,P0|P1|P2|P3|P4|P5|P6|P7|P8|P9|P10|P11|P12|P13|P14|P15,0.741348,0.741348,0.744053,0.344221,1,0.255188,2.6683,1,1.8000,0
135,1.90,free,lut,computed,0.000000,P0|P1|P2|P3|P4|P5|P6|P7|P8|P9|P10|P11|P12|P13|P14|P15,0.743179,0.743179,0.743179,0.378989,1,0.281657,2.5278,1,1.9000,0
315,1.90,free,lut,rot180,0.000000,P0|P1|P2|P3|P4|P5|P6|P7|P8|P9|P10|P11|P12|P13|P14|P15,0.743179,0.743179,0.743265,0.378989,1,0.281657,2.5278,1,1.9000,0
135,2.00,free,lut,computed,0.000000,P0|P1|P2|P3|P4|P5|P6|P7|P8|P9|P10|P11|P12|P13|P14|P15,0.743081,0.743081,0.743081,0.411119,1,0.305495,2.4013,1,2.0000,0
315,2.00,free,lut,rot180,0.000000,P0|P1|P2|P3|P4|P5|P6|P7|P8|P9|P10|P11|P12|P13|P14|P15,0.743081,0.743081,0.743806,0.411119,1,0.305495,2.4013,1,2.0000,0
135,2.10,free,lut,computed,0.000000,P0|P1|P2|P3|P4|P5|P6|P7|P8|P9|P10|P11|P12|P13|P14|P15,0.742873,0.742873,0.742873,0.440694,1,0.327380,2.2869,1,2.1000,0
315,2.10,free,lut,rot180,0.000000,P0|P1|P2|P3|P4|P5|P6|P7|P8|P9|P10|P11|P12|P13|P14|P15,0.742873,0.742873,0.744115,0.440694,1,0.327380,2.2869,1,2.1000,0
135,2.20,free,lut,computed,0.000000,P0|P1|P2|P3|P4|P5|P6|P7|P8|P9|P10|P11|P12|P13|P14|P15,0.742167,0.742167,0.742167,0.467853,1,0.347225,2.1829,1,2.2000,0
315,2.20,free,lut,rot180,0.000000,P0|P1|P2|P3|P4|P5|P6|P7|P8|P9|P10|P11|P12|P13|P14|P15,0.742167,0.742167,0.741760,0.467853,1,0.347225,2.1829,1,2.2000,0
135,2.30,free,lut,computed,0.000000,P0|P1|P2|P3|P4|P5|P6|P7|P8|P9|P10|P11|P12|P13|P14|P15,0.743787,0.743787,0.743787,0.492759,1,0.366508,2.0879,1,2.3000,0
315,2.30,free,lut,rot180,0.000000,P0|P1|P2|P3|P4|P5|P6|P7|P8|P9|P10|P11|P12|P13|P14|P15,0.743787,0.743787,0.743045,0.492759,1,0.366508,2.0879,1,2.3000,0
135,2.40,free,lut,computed,0.000000,P0|P1|P2|P3|P4|P5|P6|P7|P8|P9|P10|P11|P12|P13|P14|P15,0.743001,0.743001,0.743001,0.515589,1,0.383083,2.0009,1,2.4000,0
315,2.40,free,lut,rot180,0.000000,P0|P1|P2|P3|P4|P5|P6|P7|P8|P9|P10|P11|P12|P13|P14|P15,0.743001,0.743001,0.743863,0.515589,1,0.383083,2.0009,1,2.4000,0
135,2.50,free,lut,computed,0.000000,P0|P1|P2|P3|P4|P5|P6|P7|P8|P9|P10|P11|P12|P13|P14|P15,0.743629,0.743629,0.743629,0.536516,1,0.398969,1.9208,1,2.5000,0
315,2.50,free,lut,rot180,0.000000,P0|P1|P2|P3|P4|P5|P6|P7|P8|P9|P10|P11|P12|P13|P14|P15,0.743629,0.743629,0.743129,0.536516,1,0.398969,1.9208,1,2.5000,0
135,2.60,free,lut,computed,0.000000,P0|P1|P2|P3|P4|P5|P6|P7|P8|P9|P10|P11|P12|P13|P14|P15,0.743424,0.743424,0.743424,0.555709,1,0.413128,1.8469,1,2.6000,0
315,2.60,free,lut,rot180,0.000000,P0|P1|P2|P3|P4|P5|P6|P7|P8|P9|P10|P11|P12|P13|P14|P15,0.743424,0.743424,0.743221,0.555709,1,0.413128,1.8469,1,2.6000,0
135,2.70,free,lut,computed,0.000000,P0|P1|P2|P3|P4|P5|P6|P7|P8|P9|P10|P11|P12|P13|P14|P15,0.743161,0.743161,0.743161,0.573325,1,0.426072,1.7785,1,2.7000,0
315,2.70,free,lut,rot180,0.000000,P0|P1|P2|P3|P4|P5|P6|P7|P8|P9|P10|P11|P12|P13|P14|P15,0.743161,0.743161,0.744432,0.573325,1,0.426072,1.7785,1,2.7000,0
135,2.80,free,lut,computed,0.000000,P0|P1|P2|P3|P4|P5|P6|P7|P8|P9|P10|P11|P12|P13|P14|P15,0.742830,0.742830,0.742830,0.589510,1,0.437906,1.7150,1,2.8000,0
315,2.80,free,lut,rot180,0.000000,P0|P1|P2|P3|P4|P5|P6|P7|P8|P9|P10|P11|P12|P13|P14|P15,0.742830,0.742830,0.744042,0.589510,1,0.437906,1.7150,1,2.8000,0
135,2.90,free,lut,computed,0.000000,P0|P1|P2|P3|P4|P5|P6|P7|P8|P9|P10|P11|P12|P13|P14|P15,0.743699,0.743699,0.743699,0.604397,1,0.449490,1.6558,1,2.9000,0
315,2.90,free,lut,rot180,0.000000,P0|P1|P2|P3|P4|P5|P6|P7|P8|P9|P10|P11|P12|P13|P14|P15,0.743699,0.743699,0.743360,0.604397,1,0.449490,1.6558,1,2.9000,0
135,3.00,free,lut,computed,0.000000,P0|P1|P2|P3|P4|P5|P6|P7|P8|P9|P10|P11|P12|P13|P14|P15,0.742847,0.742847,0.742847,0.618110,1,0.459161,1.6006,1,3.0000,0
315,3.00,free,lut,rot180,0.000000,P0|P1|P2|P3|P4|P5|P6|P7|P8|P9|P10|P11|P12|P13|P14|P15,0.742847,0.742847,0.744032,0.618110,1,0.459161,1.6006,1,3.0000,0
