theta_deg,period_px,anchor,quant_rule,source,shift_frac,levels_used,eta_grating,eta_free_anchor,eta_legacy,eta_envelope,order_split,eta_total,steer_deg,nyquist_ok,alias_period_px,alias_reversed
0,1.00,free,nearest,computed,0.536111,P4,1.000000,1.000000,1.000000,0.006266,2,0.003133,4.8068,0,inf,0
180,1.00,free,nearest,rot180,0.536111,P4,1.000000,1.000000,1.000000,0.006266,2,0.003133,4.8068,0,inf,0
0,1.10,free,nearest,computed,0.227778,P0|P5|P7|P10|P12|P14|P15,0.843574,0.843574,0.730606,0.029645,1,0.025007,4.3689,0,11.0000,1
180,1.10,free,nearest,rot180,0.227778,P0|P5|P7|P10|P12|P14|P15,0.843574,0.843574,0.780043,0.029645,1,0.025007,4.3689,0,11.0000,1
0,1.20,free,nearest,computed,0.855556,P0|P7|P11|P14|P15,0.866217,0.866217,0.828152,0.065326,1,0.056586,4.0042,0,6.0000,1
180,1.20,free,nearest,rot180,0.855556,P0|P7|P11|P14|P15,0.866217,0.866217,0.828380,0.065326,1,0.056586,4.0042,0,6.0000,1
0,1.30,free,nearest,computed,0.113889,P0|P4|P7|P9|P11|P13|P14|P15,0.838270,0.838270,0.776482,0.108108,1,0.090624,3.6958,0,4.3333,1
180,1.30,free,nearest,rot180,0.113889,P0|P4|P7|P9|P11|P13|P14|P15,0.838270,0.838270,0.775933,0.108108,1,0.090624,3.6958,0,4.3333,1
0,1.40,free,nearest,computed,0.108333,P0|P4|P8|P12|P14|P15,0.863783,0.863783,0.828780,0.153996,1,0.133019,3.4315,0,3.5000,1
180,1.40,free,nearest,rot180,0.108333,P0|P4|P8|P12|P14|P15,0.863783,0.863783,0.789203,0.153996,1,0.133019,3.4315,0,3.5000,1
0,1.50,free,nearest,computed,0.000000,P0|P12|P15,0.994877,0.994877,0.909223,0.200273,1,0.199247,3.2024,0,3.0000,1
180,1.50,free,nearest,rot180,0.000000,P0|P12|P15,0.994877,0.994877,0.909110,0.200273,1,0.199247,3.2024,0,3.0000,1
0,1.60,free,nearest,computed,0.169444,P0|P7|P10|P13|P14|P15,0.848708,0.848708,0.779717,0.245247,1,0.208143,3.0021,0,2.6667,1
180,1.60,free,nearest,rot180,0.169444,P0|P7|P10|P13|P14|P15,0.848708,0.848708,0.779965,0.245247,1,0.208143,3.0021,0,2.6667,1
0,1.70,free,nearest,computed,0.144444,P0|P3|P6|P7|P9|P11|P12|P13|P14|P15,0.835703,0.835703,0.751972,0.287945,1,0.240637,2.8254,0,2.4286,1
180,1.70,free,nearest,rot180,0.144444,P0|P3|P6|P7|P9|P11|P12|P13|P14|P15,0.835703,0.835703,0.752046,0.287945,1,0.240637,2.8254,0,2.4286,1
0,1.80,free,nearest,computed,0.291667,P0|P1|P7|P10|P13|P14|P15,0.843175,0.843175,0.781733,0.327881,1,0.276461,2.6683,0,2.2500,1
180,1.80,free,nearest,rot180,0.291667,P0|P1|P7|P10|P13|P14|P15,0.843175,0.843175,0.781938,0.327881,1,0.276461,2.6683,0,2.2500,1
0,1.90,free,nearest,computed,0.163889,P0|P5|P7|P8|P10|P11|P12|P13|P14|P15,0.833420,0.833420,0.770306,0.364870,1,0.304090,2.5278,0,2.1111,1
180,1.90,free,nearest,rot180,0.163889,P0|P5|P7|P8|P10|P11|P12|P13|P14|P15,0.833420,0.833420,0.770050,0.364870,1,0.304090,2.5278,0,2.1111,1
0,2.00,free,nearest,computed,0.355556,P7|P15,0.995185,0.995185,0.806811,0.398918,2,0.198499,2.4013,1,2.0000,0
180,2.00,free,nearest,rot180,0.355556,P7|P15,0.995185,0.995185,0.806811,0.398918,2,0.198499,2.4013,1,2.0000,0
0,2.10,free,nearest,computed,0.322222,P0|P4|P6|P7|P8|P10|P11|P12|P13|P14|P15,0.836841,0.836841,0.769224,0.430138,1,0.359957,2.2869,1,2.1000,0
180,2.10,free,nearest,rot180,0.322222,P0|P4|P6|P7|P8|P10|P11|P12|P13|P14|P15,0.836841,0.836841,0.769680,0.430138,1,0.359957,2.2869,1,2.1000,0
0,2.20,free,nearest,computed,0.636111,P0|P5|P7|P10|P12|P14|P15,0.843464,0.843464,0.730786,0.458702,1,0.386899,2.1829,1,2.2000,0
180,2.20,free,nearest,rot180,0.636111,P0|P5|P7|P10|P12|P14|P15,0.843464,0.843464,0.779736,0.458702,1,0.386899,2.1829,1,2.2000,0
0,2.30,free,nearest,computed,0.027778,P0|P3|P6|P7|P8|P9|P10|P11|P12|P13|P14|P15,0.832404,0.832404,0.758813,0.484807,1,0.403555,2.0879,1,2.3000,0
180,2.30,free,nearest,rot180,0.027778,P0|P3|P6|P7|P8|P9|P10|P11|P12|P13|P14|P15,0.832404,0.832404,0.735957,0.484807,1,0.403555,2.0879,1,2.3000,0
0,2.40,free,nearest,computed,0.736111,P0|P3|P7|P9|P11|P13|P14|P15,0.835603,0.835603,0.786731,0.508658,1,0.425036,2.0009,1,2.4000,0
180,2.40,free,nearest,rot180,0.736111,P0|P3|P7|P9|P11|P13|P14|P15,0.835603,0.835603,0.786707,0.508658,1,0.425036,2.0009,1,2.4000,0
0,2.50,free,nearest,computed,0.666667,P0|P6|P11|P14|P15,0.858003,0.858003,0.847986,0.530458,1,0.455135,1.9208,1,2.5000,0
180,2.50,free,nearest,rot180,0.666667,P0|P6|P11|P14|P15,0.858003,0.858003,0.847900,0.530458,1,0.455135,1.9208,1,2.5000,0
0,2.60,free,nearest,computed,0.152778,P0|P4|P7|P9|P11|P13|P14|P15,0.838236,0.838236,0.776050,0.550398,1,0.461363,1.8469,1,2.6000,0
180,2.60,free,nearest,rot180,0.152778,P0|P4|P7|P9|P11|P13|P14|P15,0.838236,0.838236,0.776345,0.550398,1,0.461363,1.8469,1,2.6000,0
0,2.70,free,nearest,computed,0.186111,P0|P4|P6|P7|P8|P10|P11|P12|P13|P14|P15,0.833084,0.833084,0.752114,0.568654,1,0.473737,1.7785,1,2.7000,0
180,2.70,free,nearest,rot180,0.186111,P0|P4|P6|P7|P8|P10|P11|P12|P13|P14|P15,0.833084,0.833084,0.761659,0.568654,1,0.473737,1.7785,1,2.7000,0
0,2.80,free,nearest,computed,0.608333,P0|P6|P7|P10|P11|P13|P14|P15,0.839481,0.839481,0.773466,0.585390,1,0.491424,1.7150,1,2.8000,0
180,2.80,free,nearest,rot180,0.608333,P0|P6|P7|P10|P11|P13|P14|P15,0.839481,0.839481,0.757882,0.585390,1,0.491424,1.7150,1,2.8000,0
0,2.90,free,nearest,computed,0.186111,P0|P1|P5|P6|P7|P8|P10|P11|P12|P13|P14|P15,0.832621,0.832621,0.755422,0.600752,1,0.500199,1.6558,1,2.9000,0
180,2.90,free,nearest,rot180,0.186111,P0|P1|P5|P6|P7|P8|P10|P11|P12|P13|P14|P15,0.832621,0.832621,0.754645,0.600752,1,0.500199,1.6558,1,2.9000,0
0,3.00,free,nearest,computed,0.463889,P0|P12|P15,0.994877,0.994877,0.909110,0.614875,1,0.611725,1.6006,1,3.0000,0
180,3.00,free,nearest,rot180,0.463889,P0|P12|P15,0.994877,0.994877,0.909223,0.614875,1,0.611725,1.6006,1,3.0000,0
45,1.00,free,nearest,computed,0.444444,P0|P1|P2|P3|P4|P5|P6|P7|P8|P9|P10|P11|P12|P13|P14|P15,0.831023,0.831023,0.743825,0.030473,1,0.025323,4.8068,0,2.4142,1
225,1.00,free,nearest,rot180,0.444444,P0|P1|P2|P3|P4|P5|P6|P7|P8|P9|P10|P11|P12|P13|P14|P15,0.831023,0.831023,0.743122,0.030473,1,0.025323,4.8068,0,2.4142,1
45,1.10,free,nearest,computed,0.722222,P0|P1|P2|P3|P4|P5|P6|P7|P8|P9|P10|P11|P12|P13|P14|P15,0.835104,0.835104,0.735642,0.060095,1,0.050185,4.3689,0,1.9797,1
225,1.10,free,nearest,rot180,0.722222,P0|P1|P2|P3|P4|P5|P6|P7|P8|P9|P10|P11|P12|P13|P14|P15,0.835104,0.835104,0.746471,0.060095,1,0.050185,4.3689,0,1.9797,1
45,1.20,free,nearest,computed,0.919444,P0|P1|P2|P3|P4|P5|P6|P7|P8|P9|P10|P11|P12|P13|P14|P15,0.831031,0.831031,0.743841,0.097131,1,0.080719,4.0042,0,1.7215,1
225,1.20,free,nearest,rot180,0.919444,P0|P1|P2|P3|P4|P5|P6|P7|P8|P9|P10|P11|P12|P13|P14|P15,0.831031,0.831031,0.742894,0.097131,1,0.080719,4.0042,0,1.7215,1
45,1.30,free,nearest,computed,0.916667,P0|P1|P2|P3|P4|P5|P6|P7|P8|P9|P10|P11|P12|P13|P14|P15,0.831025,0.831025,0.743660,0.138566,1,0.115152,3.6958,0,1.5504,1
225,1.30,free,nearest,rot180,0.916667,P0|P1|P2|P3|P4|P5|P6|P7|P8|P9|P10|P11|P12|P13|P14|P15,0.831025,0.831025,0.742965,0.138566,1,0.115152,3.6958,0,1.5504,1
45,1.40,free,nearest,computed,0.833333,P0|P1|P2|P3|P4|P5|P6|P7|P8|P9|P10|P11|P12|P13|P14|P15,0.831080,0.831080,0.744239,0.181834,1,0.151118,3.4315,0,1.4287,1
225,1.40,free,nearest,rot180,0.833333,P0|P1|P2|P3|P4|P5|P6|P7|P8|P9|P10|P11|P12|P13|P14|P15,0.831080,0.831080,0.742668,0.181834,1,0.151118,3.4315,0,1.4287,1
45,1.50,free,nearest,computed,0.072222,P0|P1|P2|P3|P4|P5|P6|P7|P8|P9|P10|P11|P12|P13|P14|P15,0.831031,0.831031,0.744004,0.225052,1,0.187025,3.2024,1,1.5000,0
225,1.50,free,nearest,rot180,0.072222,P0|P1|P2|P3|P4|P5|P6|P7|P8|P9|P10|P11|P12|P13|P14|P15,0.831031,0.831031,0.742947,0.225052,1,0.187025,3.2024,1,1.5000,0
45,1.60,free,nearest,computed,0.002778,P0|P1|P2|P3|P4|P5|P6|P7|P8|P9|P10|P11|P12|P13|P14|P15,0.831026,0.831026,0.743961,0.266969,1,0.221858,3.0021,1,1.6000,0
225,1.60,free,nearest,rot180,0.002778,P0|P1|P2|P3|P4|P5|P6|P7|P8|P9|P10|P11|P12|P13|P14|P15,0.831026,0.831026,0.742935,0.266969,1,0.221858,3.0021,1,1.6000,0
45,1.70,free,nearest,computed,0.072222,P0|P1|P2|P3|P4|P5|P6|P7|P8|P9|P10|P11|P12|P13|P14|P15,0.831027,0.831027,0.744054,0.306826,1,0.254981,2.8254,1,1.7000,0
225,1.70,free,nearest,rot180,0.072222,P0|P1|P2|P3|P4|P5|P6|P7|P8|P9|P10|P11|P12|P13|P14|P15,0.831027,0.831027,0.742947,0.306826,1,0.254981,2.8254,1,1.7000,0
45,1.80,free,nearest,computed,0.133333,P0|P1|P2|P3|P4|P5|P6|P7|P8|P9|P10|P11|P12|P13|P14|P15,0.831561,0.831561,0.742258,0.344221,1,0.286241,2.6683,1,1.8000,0
225,1.80,free,nearest,rot180,0.133333,P0|P1|P2|P3|P4|P5|P6|P7|P8|P9|P10|P11|P12|P13|P14|P15,0.831561,0.831561,0.745032,0.344221,1,0.286241,2.6683,1,1.8000,0
45,1.90,free,nearest,computed,0.266667,P0|P1|P2|P3|P4|P5|P6|P7|P8|P9|P10|P11|P12|P13|P14|P15,0.831023,0.831023,0.743687,0.378989,1,0.314949,2.5278,1,1.9000,0
225,1.90,free,nearest,rot180,0.266667,P0|P1|P2|P3|P4|P5|P6|P7|P8|P9|P10|P11|P12|P13|P14|P15,0.831023,0.831023,0.743112,0.378989,1,0.314949,2.5278,1,1.9000,0
45,2.00,free,nearest,computed,0.680556,P0|P1|P2|P3|P4|P5|P6|P7|P8|P9|P10|P11|P12|P13|P14|P15,0.831034,0.831034,0.744030,0.411119,1,0.341653,2.4013,1,2.0000,0
225,2.00,free,nearest,rot180,0.680556,P0|P1|P2|P3|P4|P5|P6|P7|P8|P9|P10|P11|P12|P13|P14|P15,0.831034,0.831034,0.742872,0.411119,1,0.341653,2.4013,1,2.0000,0
45,2.10,free,nearest,computed,0.177778,P0|P1|P2|P3|P4|P5|P6|P7|P8|P9|P10|P11|P12|P13|P14|P15,0.831072,0.831072,0.744256,0.440694,1,0.366248,2.2869,1,2.1000,0
225,2.10,free,nearest,rot180,0.177778,P0|P1|P2|P3|P4|P5|P6|P7|P8|P9|P10|P11|P12|P13|P14|P15,0.831072,0.831072,0.742873,0.440694,1,0.366248,2.2869,1,2.1000,0
45,2.20,free,nearest,computed,0.347222,P0|P1|P2|P3|P4|P5|P6|P7|P8|P9|P10|P11|P12|P13|P14|P15,0.832060,0.832060,0.742043,0.467853,1,0.389282,2.1829,1,2.2000,0
225,2.20,free,nearest,rot180,0.347222,P0|P1|P2|P3|P4|P5|P6|P7|P8|P9|P10|P11|P12|P13|P14|P15,0.832060,0.832060,0.746374,0.467853,1,0.389282,2.1829,1,2.2000,0
45,2.30,free,nearest,computed,0.880556,P0|P1|P2|P3|P4|P5|P6|P7|P8|P9|P10|P11|P12|P13|P14|P15,0.831079,0.831079,0.743671,0.492759,1,0.409522,2.0879,1,2.3000,0
225,2.30,free,nearest,rot180,0.880556,P0|P1|P2|P3|P4|P5|P6|P7|P8|P9|P10|P11|P12|P13|P14|P15,0.831079,0.831079,0.743196,0.492759,1,0.409522,2.0879,1,2.3000,0
45,2.40,free,nearest,computed,0.947222,P0|P1|P2|P3|P4|P5|P6|P7|P8|P9|P10|P11|P12|P13|P14|P15,0.831028,0.831028,0.744074,0.515589,1,0.428469,2.0009,1,2.4000,0
225,2.40,free,nearest,rot180,0.947222,P0|P1|P2|P3|P4|P5|P6|P7|P8|P9|P10|P11|P12|P13|P14|P15,0.831028,0.831028,0.742823,0.515589,1,0.428469,2.0009,1,2.4000,0
45,2.50,free,nearest,computed,0.533333,P0|P1|P2|P3|P4|P5|P6|P7|P8|P9|P10|P11|P12|P13|P14|P15,0.831024,0.831024,0.743800,0.536516,1,0.445858,1.9208,1,2.5000,0
225,2.50,free,nearest,rot180,0.533333,P0|P1|P2|P3|P4|P5|P6|P7|P8|P9|P10|P11|P12|P13|P14|P15,0.831024,0.831024,0.743126,0.536516,1,0.445858,1.9208,1,2.5000,0
45,2.60,free,nearest,computed,0.825000,P0|P1|P2|P3|P4|P5|P6|P7|P8|P9|P10|P11|P12|P13|P14|P15,0.831037,0.831037,0.743616,0.555709,1,0.461814,1.8469,1,2.6000,0
225,2.60,free,nearest,rot180,0.825000,P0|P1|P2|P3|P4|P5|P6|P7|P8|P9|P10|P11|P12|P13|P14|P15,0.831037,0.831037,0.743057,0.555709,1,0.461814,1.8469,1,2.6000,0
45,2.70,free,nearest,computed,0.222222,P0|P1|P2|P3|P4|P5|P6|P7|P8|P9|P10|P11|P12|P13|P14|P15,0.831173,0.831173,0.742066,0.573325,1,0.476532,1.7785,1,2.7000,0
225,2.70,free,nearest,rot180,0.222222,P0|P1|P2|P3|P4|P5|P6|P7|P8|P9|P10|P11|P12|P13|P14|P15,0.831173,0.831173,0.743794,0.573325,1,0.476532,1.7785,1,2.7000,0
45,2.80,free,nearest,computed,0.069444,P0|P1|P2|P3|P4|P5|P6|P7|P8|P9|P10|P11|P12|P13|P14|P15,0.831051,0.831051,0.744091,0.589510,1,0.489912,1.7150,1,2.8000,0
225,2.80,free,nearest,rot180,0.069444,P0|P1|P2|P3|P4|P5|P6|P7|P8|P9|P10|P11|P12|P13|P14|P15,0.831051,0.831051,0.742873,0.589510,1,0.489912,1.7150,1,2.8000,0
45,2.90,free,nearest,computed,0.700000,P0|P1|P2|P3|P4|P5|P6|P7|P8|P9|P10|P11|P12|P13|P14|P15,0.831036,0.831036,0.743814,0.604397,1,0.502276,1.6558,1,2.9000,0
225,2.90,free,nearest,rot180,0.700000,P0|P1|P2|P3|P4|P5|P6|P7|P8|P9|P10|P11|P12|P13|P14|P15,0.831036,0.831036,0.743346,0.604397,1,0.502276,1.6558,1,2.9000,0
45,3.00,free,nearest,computed,0.919444,P0|P1|P2|P3|P4|P5|P6|P7|P8|P9|P10|P11|P12|P13|P14|P15,0.831037,0.831037,0.744078,0.618110,1,0.513672,1.6006,1,3.0000,0
225,3.00,free,nearest,rot180,0.919444,P0|P1|P2|P3|P4|P5|P6|P7|P8|P9|P10|P11|P12|P13|P14|P15,0.831037,0.831037,0.742790,0.618110,1,0.513672,1.6006,1,3.0000,0
90,1.00,free,nearest,computed,0.536111,P4,1.000000,1.000000,1.000000,0.006266,2,0.003133,4.8068,0,inf,0
270,1.00,free,nearest,rot180,0.536111,P4,1.000000,1.000000,1.000000,0.006266,2,0.003133,4.8068,0,inf,0
90,1.10,free,nearest,computed,0.863889,P0|P5|P7|P10|P12|P14|P15,0.844060,0.844060,0.780240,0.029645,1,0.025022,4.3689,0,11.0000,1
270,1.10,free,nearest,rot180,0.863889,P0|P5|P7|P10|P12|P14|P15,0.844060,0.844060,0.732959,0.029645,1,0.025022,4.3689,0,11.0000,1
90,1.20,free,nearest,computed,0.355556,P0|P7|P11|P14|P15,0.866345,0.866345,0.828389,0.065326,1,0.056595,4.0042,0,6.0000,1
270,1.20,free,nearest,rot180,0.355556,P0|P7|P11|P14|P15,0.866345,0.866345,0.828002,0.065326,1,0.056595,4.0042,0,6.0000,1
90,1.30,free,nearest,computed,0.961111,P0|P4|P7|P9|P11|P13|P14|P15,0.838698,0.838698,0.775891,0.108108,1,0.090670,3.6958,0,4.3333,1
270,1.30,free,nearest,rot180,0.961111,P0|P4|P7|P9|P11|P13|P14|P15,0.838698,0.838698,0.776556,0.108108,1,0.090670,3.6958,0,4.3333,1
90,1.40,free,nearest,computed,0.677778,P0|P4|P8|P12|P14|P15,0.864106,0.864106,0.793960,0.153996,1,0.133069,3.4315,0,3.5000,1
270,1.40,free,nearest,rot180,0.677778,P0|P4|P8|P12|P14|P15,0.864106,0.864106,0.828767,0.153996,1,0.133069,3.4315,0,3.5000,1
90,1.50,free,nearest,computed,0.000000,P0|P12|P15,0.994879,0.994879,0.909075,0.200273,1,0.199248,3.2024,0,3.0000,1
270,1.50,free,nearest,rot180,0.000000,P0|P12|P15,0.994879,0.994879,0.909267,0.200273,1,0.199248,3.2024,0,3.0000,1
90,1.60,free,nearest,computed,0.419444,P0|P7|P10|P13|P14|P15,0.848331,0.848331,0.780021,0.245247,1,0.208051,3.0021,0,2.6667,1
270,1.60,free,nearest,rot180,0.419444,P0|P7|P10|P13|P14|P15,0.848331,0.848331,0.780021,0.245247,1,0.208051,3.0021,0,2.6667,1
90,1.70,free,nearest,computed,0.027778,P0|P3|P6|P7|P9|P11|P12|P13|P14|P15,0.835547,0.835547,0.751899,0.287945,1,0.240592,2.8254,0,2.4286,1
270,1.70,free,nearest,rot180,0.027778,P0|P3|P6|P7|P9|P11|P12|P13|P14|P15,0.835547,0.835547,0.751899,0.287945,1,0.240592,2.8254,0,2.4286,1
90,1.80,free,nearest,computed,0.291667,P0|P1|P7|P10|P13|P14|P15,0.843439,0.843439,0.781996,0.327881,1,0.276548,2.6683,0,2.2500,1
270,1.80,free,nearest,rot180,0.291667,P0|P1|P7|P10|P13|P14|P15,0.843439,0.843439,0.781648,0.327881,1,0.276548,2.6683,0,2.2500,1
90,1.90,free,nearest,computed,0.900000,P0|P5|P7|P8|P10|P11|P12|P13|P14|P15,0.833134,0.833134,0.770267,0.364870,1,0.303986,2.5278,0,2.1111,1
270,1.90,free,nearest,rot180,0.900000,P0|P5|P7|P8|P10|P11|P12|P13|P14|P15,0.833134,0.833134,0.770248,0.364870,1,0.303986,2.5278,0,2.1111,1
90,2.00,free,nearest,computed,0.355556,P7|P15,0.995185,0.995185,0.806811,0.398918,2,0.198499,2.4013,1,2.0000,0
270,2.00,free,nearest,rot180,0.355556,P7|P15,0.995185,0.995185,0.806811,0.398918,2,0.198499,2.4013,1,2.0000,0
90,2.10,free,nearest,computed,0.416667,P0|P4|P6|P7|P8|P10|P11|P12|P13|P14|P15,0.836301,0.836301,0.769047,0.430138,1,0.359725,2.2869,1,2.1000,0
270,2.10,free,nearest,rot180,0.416667,P0|P4|P6|P7|P8|P10|P11|P12|P13|P14|P15,0.836301,0.836301,0.769044,0.430138,1,0.359725,2.2869,1,2.1000,0
90,2.20,free,nearest,computed,0.819444,P0|P5|P7|P10|P12|P14|P15,0.843959,0.843959,0.780110,0.458702,1,0.387125,2.1829,1,2.2000,0
270,2.20,free,nearest,rot180,0.819444,P0|P5|P7|P10|P12|P14|P15,0.843959,0.843959,0.732978,0.458702,1,0.387125,2.1829,1,2.2000,0
90,2.30,free,nearest,computed,0.386111,P0|P4|P6|P7|P8|P9|P11|P12|P13|P14|P15,0.832908,0.832908,0.733850,0.484807,1,0.403799,2.0879,1,2.3000,0
270,2.30,free,nearest,rot180,0.386111,P0|P4|P6|P7|P8|P9|P11|P12|P13|P14|P15,0.832908,0.832908,0.758624,0.484807,1,0.403799,2.0879,1,2.3000,0
90,2.40,free,nearest,computed,0.652778,P0|P3|P7|P9|P11|P13|P14|P15,0.835850,0.835850,0.786492,0.508658,1,0.425162,2.0009,1,2.4000,0
270,2.40,free,nearest,rot180,0.652778,P0|P3|P7|P9|P11|P13|P14|P15,0.835850,0.835850,0.786080,0.508658,1,0.425162,2.0009,1,2.4000,0
90,2.50,free,nearest,computed,0.066667,P0|P6|P11|P14|P15,0.857736,0.857736,0.848046,0.530458,1,0.454993,1.9208,1,2.5000,0
270,2.50,free,nearest,rot180,0.066667,P0|P6|P11|P14|P15,0.857736,0.857736,0.848046,0.530458,1,0.454993,1.9208,1,2.5000,0
90,2.60,free,nearest,computed,0.847222,P0|P4|P7|P9|P11|P13|P14|P15,0.838417,0.838417,0.776391,0.550398,1,0.461463,1.8469,1,2.6000,0
270,2.60,free,nearest,rot180,0.847222,P0|P4|P7|P9|P11|P13|P14|P15,0.838417,0.838417,0.776056,0.550398,1,0.461463,1.8469,1,2.6000,0
90,2.70,free,nearest,computed,0.147222,P0|P4|P6|P7|P8|P10|P11|P12|P13|P14|P15,0.833417,0.833417,0.761450,0.568654,1,0.473926,1.7785,1,2.7000,0
270,2.70,free,nearest,rot180,0.147222,P0|P4|P6|P7|P8|P10|P11|P12|P13|P14|P15,0.833417,0.833417,0.748557,0.568654,1,0.473926,1.7785,1,2.7000,0
90,2.80,free,nearest,computed,0.680556,P0|P6|P7|P10|P11|P13|P14|P15,0.839864,0.839864,0.758247,0.585390,1,0.491648,1.7150,1,2.8000,0
270,2.80,free,nearest,rot180,0.680556,P0|P6|P7|P10|P11|P13|P14|P15,0.839864,0.839864,0.773437,0.585390,1,0.491648,1.7150,1,2.8000,0
90,2.90,free,nearest,computed,0.666667,P0|P5|P6|P7|P8|P10|P11|P12|P13|P14|P15,0.833807,0.833807,0.753767,0.600752,1,0.500912,1.6558,1,2.9000,0
270,2.90,free,nearest,rot180,0.666667,P0|P5|P6|P7|P8|P10|P11|P12|P13|P14|P15,0.833807,0.833807,0.756516,0.600752,1,0.500912,1.6558,1,2.9000,0
90,3.00,free,nearest,computed,0.463889,P0|P12|P15,0.994879,0.994879,0.909267,0.614875,1,0.611726,1.6006,1,3.0000,0
270,3.00,free,nearest,rot180,0.463889,P0|P12|P15,0.994879,0.994879,0.909075,0.614875,1,0.611726,1.6006,1,3.0000,0
135,1.00,free,nearest,computed,0.444444,P0|P1|P2|P3|P4|P5|P6|P7|P8|P9|P10|P11|P12|P13|P14|P15,0.831023,0.831023,0.743628,0.030473,1,0.025323,4.8068,0,2.4142,1
315,1.00,free,nearest,rot180,0.444444,P0|P1|P2|P3|P4|P5|P6|P7|P8|P9|P10|P11|P12|P13|P14|P15,0.831023,0.831023,0.743081,0.030473,1,0.025323,4.8068,0,2.4142,1
135,1.10,free,nearest,computed,0.722222,P0|P1|P2|P3|P4|P5|P6|P7|P8|P9|P10|P11|P12|P13|P14|P15,0.835104,0.835104,0.747185,0.060095,1,0.050185,4.3689,0,1.9797,1
315,1.10,free,nearest,rot180,0.722222,P0|P1|P2|P3|P4|P5|P6|P7|P8|P9|P10|P11|P12|P13|P14|P15,0.835104,0.835104,0.746288,0.060095,1,0.050185,4.3689,0,1.9797,1
135,1.20,free,nearest,computed,0.919444,P0|P1|P2|P3|P4|P5|P6|P7|P8|P9|P10|P11|P12|P13|P14|P15,0.831031,0.831031,0.743774,0.097131,1,0.080719,4.0042,0,1.7215,1
315,1.20,free,nearest,rot180,0.919444,P0|P1|P2|P3|P4|P5|P6|P7|P8|P9|P10|P11|P12|P13|P14|P15,0.831031,0.831031,0.742947,0.097131,1,0.080719,4.0042,0,1.7215,1
135,1.30,free,nearest,computed,0.916667,P0|P1|P2|P3|P4|P5|P6|P7|P8|P9|P10|P11|P12|P13|P14|P15,0.831025,0.831025,0.743542,0.138566,1,0.115152,3.6958,0,1.5504,1
315,1.30,free,nearest,rot180,0.916667,P0|P1|P2|P3|P4|P5|P6|P7|P8|P9|P10|P11|P12|P13|P14|P15,0.831025,0.831025,0.743220,0.138566,1,0.115152,3.6958,0,1.5504,1
135,1.40,free,nearest,computed,0.833333,P0|P1|P2|P3|P4|P5|P6|P7|P8|P9|P10|P11|P12|P13|P14|P15,0.831080,0.831080,0.742274,0.181834,1,0.151118,3.4315,0,1.4287,1
315,1.40,free,nearest,rot180,0.833333,P0|P1|P2|P3|P4|P5|P6|P7|P8|P9|P10|P11|P12|P13|P14|P15,0.831080,0.831080,0.744123,0.181834,1,0.151118,3.4315,0,1.4287,1
135,1.50,free,nearest,computed,0.072222,P0|P1|P2|P3|P4|P5|P6|P7|P8|P9|P10|P11|P12|P13|P14|P15,0.831031,0.831031,0.743237,0.225052,1,0.187025,3.2024,1,1.5000,0
315,1.50,free,nearest,rot180,0.072222,P0|P1|P2|P3|P4|P5|P6|P7|P8|P9|P10|P11|P12|P13|P14|P15,0.831031,0.831031,0.743319,0.225052,1,0.187025,3.2024,1,1.5000,0
135,1.60,free,nearest,computed,0.002778,P0|P1|P2|P3|P4|P5|P6|P7|P8|P9|P10|P11|P12|P13|P14|P15,0.831026,0.831026,0.743314,0.266969,1,0.221858,3.0021,1,1.6000,0
315,1.60,free,nearest,rot180,0.002778,P0|P1|P2|P3|P4|P5|P6|P7|P8|P9|P10|P11|P12|P13|P14|P15,0.831026,0.831026,0.743558,0.266969,1,0.221858,3.0021,1,1.6000,0
135,1.70,free,nearest,computed,0.072222,P0|P1|P2|P3|P4|P5|P6|P7|P8|P9|P10|P11|P12|P13|P14|P15,0.831027,0.831027,0.743073,0.306826,1,0.254981,2.8254,1,1.7000,0
315,1.70,free,nearest,rot180,0.072222,P0|P1|P2|P3|P4|P5|P6|P7|P8|P9|P10|P11|P12|P13|P14|P15,0.831027,0.831027,0.743578,0.306826,1,0.254981,2.8254,1,1.7000,0
135,1.80,free,nearest,computed,0.133333,P0|P1|P2|P3|P4|P5|P6|P7|P8|P9|P10|P11|P12|P13|P14|P15,0.831561,0.831561,0.741348,0.344221,1,0.286241,2.6683,1,1.8000,0
315,1.80,free,nearest,rot180,0.133333,P0|P1|P2|P3|P4|P5|P6|P7|P8|P9|P10|P11|P12|P13|P14|P15,0.831561,0.831561,0.744053,0.344221,1,0.286241,2.6683,1,1.8000,0
135,1.90,free,nearest,computed,0.266667,P0|P1|P2|P3|P4|P5|P6|P7|P8|P9|P10|P11|P12|P13|P14|P15,0.831023,0.831023,0.743179,0.378989,1,0.314949,2.5278,1,1.9000,0
315,1.90,free,nearest,rot180,0.266667,P0|P1|P2|P3|P4|P5|P6|P7|P8|P9|P10|P11|P12|P13|P14|P15,0.831023,0.831023,0.743265,0.378989,1,0.314949,2.5278,1,1.9000,0
135,2.00,free,nearest,computed,0.680556,P0|P1|P2|P3|P4|P5|P6|P7|P8|P9|P10|P11|P12|P13|P14|P15,0.831034,0.831034,0.743081,0.411119,1,0.341653,2.4013,1,2.0000,0
315,2.00,free,nearest,rot180,0.680556,P0|P1|P2|P3|P4|P5|P6|P7|P8|P9|P10|P11|P12|P13|P14|P15,0.831034,0.831034,0.743806,0.411119,1,0.341653,2.4013,1,2.0000,0
135,2.10,free,nearest,computed,0.177778,P0|P1|P2|P3|P4|P5|P6|P7|P8|P9|P10|P11|P12|P13|P14|P15,0.831072,0.831072,0.742873,0.440694,1,0.366248,2.2869,1,2.1000,0
315,2.10,free,nearest,rot180,0.177778,P0|P1|P2|P3|P4|P5|P6|P7|P8|P9|P10|P11|P12|P13|P14|P15,0.831072,0.831072,0.744115,0.440694,1,0.366248,2.2869,1,2.1000,0
135,2.20,free,nearest,computed,0.347222,P0|P1|P2|P3|P4|P5|P6|P7|P8|P9|P10|P11|P12|P13|P14|P15,0.832060,0.832060,0.742167,0.467853,1,0.389282,2.1829,1,2.2000,0
315,2.20,free,nearest,rot180,0.347222,P0|P1|P2|P3|P4|P5|P6|P7|P8|P9|P10|P11|P12|P13|P14|P15,0.832060,0.832060,0.741760,0.467853,1,0.389282,2.1829,1,2.2000,0
135,2.30,free,nearest,computed,0.880556,P0|P1|P2|P3|P4|P5|P6|P7|P8|P9|P10|P11|P12|P13|P14|P15,0.831079,0.831079,0.743787,0.492759,1,0.409522,2.0879,1,2.3000,0
315,2.30,free,nearest,rot180,0.880556,P0|P1|P2|P3|P4|P5|P6|P7|P8|P9|P10|P11|P12|P13|P14|P15,0.831079,0.831079,0.743045,0.492759,1,0.409522,2.0879,1,2.3000,0
135,2.40,free,nearest,computed,0.947222,P0|P1|P2|P3|P4|P5|P6|P7|P8|P9|P10|P11|P12|P13|P14|P15,0.831028,0.831028,0.743001,0.515589,1,0.428469,2.0009,1,2.4000,0
315,2.40,free,nearest,rot180,0.947222,P0|P1|P2|P3|P4|P5|P6|P7|P8|P9|P10|P11|P12|P13|P14|P15,0.831028,0.831028,0.743863,0.515589,1,0.428469,2.0009,1,2.4000,0
135,2.50,free,nearest,computed,0.533333,P0|P1|P2|P3|P4|P5|P6|P7|P8|P9|P10|P11|P12|P13|P14|P15,0.831024,0.831024,0.743629,0.536516,1,0.445858,1.9208,1,2.5000,0
315,2.50,free,nearest,rot180,0.533333,P0|P1|P2|P3|P4|P5|P6|P7|P8|P9|P10|P11|P12|P13|P14|P15,0.831024,0.831024,0.743129,0.536516,1,0.445858,1.9208,1,2.5000,0
135,2.60,free,nearest,computed,0.825000,P0|P1|P2|P3|P4|P5|P6|P7|P8|P9|P10|P11|P12|P13|P14|P15,0.831037,0.831037,0.743424,0.555709,1,0.461814,1.8469,1,2.6000,0
315,2.60,free,nearest,rot180,0.825000,P0|P1|P2|P3|P4|P5|P6|P7|P8|P9|P10|P11|P12|P13|P14|P15,0.831037,0.831037,0.743221,0.555709,1,0.461814,1.8469,1,2.6000,0
135,2.70,free,nearest,computed,0.222222,P0|P1|P2|P3|P4|P5|P6|P7|P8|P9|P10|P11|P12|P13|P14|P15,0.831173,0.831173,0.743161,0.573325,1,0.476532,1.7785,1,2.7000,0
315,2.70,free,nearest,rot180,0.222222,P0|P1|P2|P3|P4|P5|P6|P7|P8|P9|P10|P11|P12|P13|P14|P15,0.831173,0.831173,0.744432,0.573325,1,0.476532,1.7785,1,2.7000,0
135,2.80,free,nearest,computed,0.069444,P0|P1|P2|P3|P4|P5|P6|P7|P8|P9|P10|P11|P12|P13|P14|P15,0.831051,0.831051,0.742830,0.589510,1,0.489912,1.7150,1,2.8000,0
315,2.80,free,nearest,rot180,0.069444,P0|P1|P2|P3|P4|P5|P6|P7|P8|P9|P10|P11|P12|P13|P14|P15,0.831051,0.831051,0.744042,0.589510,1,0.489912,1.7150,1,2.8000,0
135,2.90,free,nearest,computed,0.700000,P0|P1|P2|P3|P4|P5|P6|P7|P8|P9|P10|P11|P12|P13|P14|P15,0.831036,0.831036,0.743699,0.604397,1,0.502276,1.6558,1,2.9000,0
315,2.90,free,nearest,rot180,0.700000,P0|P1|P2|P3|P4|P5|P6|P7|P8|P9|P10|P11|P12|P13|P14|P15,0.831036,0.831036,0.743360,0.604397,1,0.502276,1.6558,1,2.9000,0
135,3.00,free,nearest,computed,0.919444,P0|P1|P2|P3|P4|P5|P6|P7|P8|P9|P10|P11|P12|P13|P14|P15,0.831037,0.831037,0.742847,0.618110,1,0.513672,1.6006,1,3.0000,0
315,3.00,free,nearest,rot180,0.919444,P0|P1|P2|P3|P4|P5|P6|P7|P8|P9|P10|P11|P12|P13|P14|P15,0.831037,0.831037,0.744032,0.618110,1,0.513672,1.6006,1,3.0000,0
